상권,구시
경기>고양시청,고양시
경기>광명철산,광명시
경기>광주시가지,광주시
경기>구리역,구리시
경기>기흥역,용인시
경기>김량장동,용인시
경기>동두천중앙로,동두천시
경기>모란,성남시
경기>병점역,화성시
경기>부천역,부천시
경기>수원역,수원시
경기>수원파장동,수원시
경기>신장/지산/서정,하남시
경기>신천역,시흥시
경기>안성 서인사거리,안성시
경기>안양역,안양시
경기>양주덕정역,양주시
경기>여주시청,여주시
경기>오산시청,오산시
경기>용인수지,용인시
경기>의정부역,의정부시
경기>이천종합터미널,이천시
경기>인계동,수원시
경기>인덕원,안양시
경기>탄현역,고양시
경기>파주시청,파주시
경기>팔달문로터리,수원시
경기>평택역,평택시
경기>포천소흘읍,포천시
경기>포천시외버스터미널,포천시
경기>화성남양읍,화성시
경기>화성봉담읍,화성시
서울>강남>강남대로,강남구
서울>강남>교대역,서초구
서울>강남>남부터미널,서초구
서울>강남>논현역,강남구
서울>강남>도산대로,강남구
서울>강남>신사역,강남구
서울>강남>압구정,강남구
서울>강남>청담,강남구
서울>강남>테헤란로,강남구
서울>기타>가락시장,송파구
서울>기타>건대입구,광진구
서울>기타>경희대,동대문구
서울>기타>군자,광진구
서울>기타>까치산역,강서구
서울>기타>노량진,동작구
서울>기타>독산/시흥,금천구
서울>기타>뚝섬,광진구
서울>기타>목동,양천구
서울>기타>미아사거리,강북구
서울>기타>불광역,은평구
서울>기타>사당,동작구
서울>기타>상계역,노원구
서울>기타>상봉역,중랑구
서울>기타>서울대입구역,관악구
서울>기타>성신여대,강북구
서울>기타>수유,강북구
서울>기타>숙명여대,용산구
서울>기타>신림역,관악구
서울>기타>약수역,중구
서울>기타>연신내,은평구
서울>기타>오류동역,구로구
서울>기타>왕십리,성동구
서울>기타>용산역,용산구
서울>기타>이태원,용산구
서울>기타>잠실/송파,송파구
서울>기타>잠실새내역,송파구
서울>기타>장안동,동대문구
서울>기타>천호,강동구
서울>기타>청량리,동대문구
서울>기타>혜화동,종로구
서울>기타>화곡,강서구
서울>도심>광화문,종로구
서울>도심>남대문,중구
서울>도심>동대문,동대문구
서울>도심>명동,중구
서울>도심>방산시장,중구
서울>도심>북촌,종로구
서울>도심>서촌,종로구
서울>도심>시청,중구
서울>도심>을지로,중구
서울>도심>종로,종로구
서울>도심>충무로,중구
서울>영등포신촌>공덕역,마포구
서울>영등포신촌>당산역,영등포구
서울>영등포신촌>동교/연남,마포구
서울>영등포신촌>망원역,마포구
서울>영등포신촌>신촌/이대,서대문구
서울>영등포신촌>영등포역,영등포구
서울>영등포신촌>홍대/합정,마포구
