시도,구시,행정동,법정동
경기,가평군,가평군,가평군
경기,가평군,가평읍,가평읍
경기,가평군,가평읍,개곡리
경기,가평군,가평읍,경반리
경기,가평군,가평읍,금대리
경기,가평군,가평읍,달전리
경기,가평군,가평읍,대곡리
경기,가평군,가평읍,두밀리
경기,가평군,가평읍,마장리
경기,가평군,가평읍,복장리
경기,가평군,가평읍,산유리
경기,가평군,가평읍,상색리
경기,가평군,가평읍,승안리
경기,가평군,가평읍,읍내리
경기,가평군,가평읍,이화리
경기,가평군,가평읍,하색리
경기,가평군,북면,도대리
경기,가평군,북면,목동리
경기,가평군,북면,백둔리
경기,가평군,북면,북면
경기,가평군,북면,소법리
경기,가평군,북면,이곡리
경기,가평군,북면,적목리
경기,가평군,북면,제령리
경기,가평군,북면,화악리
경기,가평군,상면,덕현리
경기,가평군,상면,봉수리
경기,가평군,상면,상동리
경기,가평군,상면,상면
경기,가평군,상면,연하리
경기,가평군,상면,원흥리
경기,가평군,상면,율길리
경기,가평군,상면,임초리
경기,가평군,상면,태봉리
경기,가평군,상면,항사리
경기,가평군,상면,행현리
경기,가평군,설악면,가일리
경기,가평군,설악면,묵안리
경기,가평군,설악면,미사리
경기,가평군,설악면,방일리
경기,가평군,설악면,사룡리
경기,가평군,설악면,선촌리
경기,가평군,설악면,설곡리
경기,가평군,설악면,설악면
경기,가평군,설악면,송산리
경기,가평군,설악면,신천리
경기,가평군,설악면,엄소리
경기,가평군,설악면,위곡리
경기,가평군,설악면,이천리
경기,가평군,설악면,창의리
경기,가평군,설악면,천안리
경기,가평군,설악면,회곡리
경기,가평군,조종면,대보리
경기,가평군,조종면,마일리
경기,가평군,조종면,상판리
경기,가평군,조종면,신상리
경기,가평군,조종면,신하리
경기,가평군,조종면,운악리
경기,가평군,조종면,조종면
경기,가평군,조종면,현리
경기,가평군,청평면,고성리
경기,가평군,청평면,대성리
경기,가평군,청평면,삼회리
경기,가평군,청평면,상천리
경기,가평군,청평면,청평리
경기,가평군,청평면,청평면
경기,가평군,청평면,하천리
경기,가평군,청평면,호명리
경기,경기도,경기도,경기도
경기,고양시,가좌동,가좌동
경기,고양시,가좌동,구산동
경기,고양시,고봉동,문봉동
경기,고양시,고봉동,사리현동
경기,고양시,고봉동,설문동
경기,고양시,고봉동,성석동
경기,고양시,고봉동,지영동
경기,고양시,고양동,고양동
경기,고양시,고양동,대자동
경기,고양시,고양동,벽제동
경기,고양시,고양동,선유동
경기,고양시,고양시,고양시
경기,고양시,고양시 덕양구,고양시 덕양구
경기,고양시,고양시 일산동구,고양시일산동구
경기,고양시,고양시 일산서구,고양시일산서구
경기,고양시,관산동,관산동
경기,고양시,관산동,내유동
경기,고양시,관산동,대자동
경기,고양시,능곡동,내곡동
경기,고양시,능곡동,대장동
경기,고양시,능곡동,신평동
경기,고양시,능곡동,토당동
경기,고양시,대덕동,덕은동
경기,고양시,대덕동,현천동
경기,고양시,대덕동,화전동
경기,고양시,대화동,대화동
경기,고양시,덕이동,덕이동
경기,고양시,마두1동,마두동
경기,고양시,마두2동,마두동
경기,고양시,백석1동,백석동
경기,고양시,백석2동,백석동
경기,고양시,삼송1동,삼송동
경기,고양시,삼송1동,오금동
경기,고양시,삼송1동,지축동
경기,고양시,삼송2동,삼송동
경기,고양시,삼송2동,원흥동
경기,고양시,성사1동,성사동
경기,고양시,성사1동,주교동
경기,고양시,성사2동,성사동
경기,고양시,성사2동,주교동
경기,고양시,송포동,대화동
경기,고양시,송포동,법곳동
경기,고양시,식사동,식사동
경기,고양시,원신동,신원동
경기,고양시,원신동,원당동
경기,고양시,일산1동,일산동
경기,고양시,일산2동,일산동
경기,고양시,일산3동,일산동
경기,고양시,장항1동,백석동
경기,고양시,장항1동,장항동
경기,고양시,장항2동,장항동
경기,고양시,정발산동,정발산동
경기,고양시,주교동,성사동
경기,고양시,주교동,주교동
경기,고양시,주엽1동,주엽동
경기,고양시,주엽2동,주엽동
경기,고양시,중산1동,중산동
경기,고양시,중산2동,중산동
경기,고양시,창릉동,동산동
경기,고양시,창릉동,용두동
경기,고양시,창릉동,지축동
경기,고양시,탄현1동,탄현동
경기,고양시,탄현2동,탄현동
경기,고양시,풍산동,산황동
경기,고양시,풍산동,풍동
경기,고양시,행신1동,행신동
경기,고양시,행신2동,강매동
경기,고양시,행신2동,행신동
경기,고양시,행신3동,행신동
경기,고양시,행신4동,행신동
경기,고양시,행주동,토당동
경기,고양시,행주동,행주내동
경기,고양시,행주동,행주외동
경기,고양시,화전동,덕은동
경기,고양시,화전동,향동동
경기,고양시,화전동,화전동
경기,고양시,화정1동,화정동
경기,고양시,화정2동,화정동
경기,고양시,효자동,북한동
경기,고양시,효자동,지축동
경기,고양시,효자동,효자동
경기,고양시,흥도동,도내동
경기,고양시,흥도동,성사동
경기,고양시,흥도동,원흥동
경기,과천시,갈현동,갈현동
경기,과천시,갈현동,문원동
경기,과천시,과천동,과천동
경기,과천시,과천동,주암동
경기,과천시,과천시,과천시
경기,과천시,문원동,막계동
경기,과천시,문원동,문원동
경기,과천시,별양동,별양동
경기,과천시,부림동,별양동
경기,과천시,부림동,부림동
경기,과천시,원문동,갈현동
경기,과천시,원문동,원문동
경기,과천시,중앙동,관문동
경기,과천시,중앙동,중앙동
경기,광명시,광명1동,광명동
경기,광명시,광명2동,광명동
경기,광명시,광명3동,광명동
경기,광명시,광명4동,광명동
경기,광명시,광명5동,광명동
경기,광명시,광명6동,광명동
경기,광명시,광명6동,옥길동
경기,광명시,광명7동,광명동
경기,광명시,광명시,광명시
경기,광명시,소하1동,소하동
경기,광명시,소하2동,소하동
경기,광명시,일직동,일직동
경기,광명시,철산1동,철산동
경기,광명시,철산2동,철산동
경기,광명시,철산3동,철산동
경기,광명시,철산4동,철산동
경기,광명시,하안1동,하안동
경기,광명시,하안2동,하안동
경기,광명시,하안3동,하안동
경기,광명시,하안4동,하안동
경기,광명시,학온동,가학동
경기,광명시,학온동,노온사동
경기,광주시,경안동,경안동
경기,광주시,경안동,역동
경기,광주시,곤지암읍,건업리
경기,광주시,곤지암읍,곤지암리
경기,광주시,곤지암읍,곤지암읍
경기,광주시,곤지암읍,만선리
경기,광주시,곤지암읍,봉현리
경기,광주시,곤지암읍,부항리
경기,광주시,곤지암읍,삼리
경기,광주시,곤지암읍,삼합리
경기,광주시,곤지암읍,수양리
경기,광주시,곤지암읍,신대리
경기,광주시,곤지암읍,신촌리
경기,광주시,곤지암읍,연곡리
경기,광주시,곤지암읍,열미리
경기,광주시,곤지암읍,오향리
경기,광주시,곤지암읍,유사리
경기,광주시,곤지암읍,이선리
경기,광주시,곤지암읍,장심리
경기,광주시,광남1동,목동
경기,광주시,광남1동,삼동
경기,광주시,광남1동,장지동
경기,광주시,광남1동,중대동
경기,광주시,광남1동,직동
경기,광주시,광남1동,태전동
경기,광주시,광남2동,태전동
경기,광주시,광주시,광주시
경기,광주시,남종면,검천리
경기,광주시,남종면,귀여리
경기,광주시,남종면,금사리
경기,광주시,남종면,남종면
경기,광주시,남종면,분원리
경기,광주시,남종면,삼성리
경기,광주시,남종면,수청리
경기,광주시,남종면,우천리
경기,광주시,남종면,이석리
경기,광주시,남한산성면,검복리
경기,광주시,남한산성면,광지원리
경기,광주시,남한산성면,남한산성면
경기,광주시,남한산성면,불당리
경기,광주시,남한산성면,산성리
경기,광주시,남한산성면,상번천리
경기,광주시,남한산성면,엄미리
경기,광주시,남한산성면,오전리
경기,광주시,남한산성면,하번천리
경기,광주시,도척면,궁평리
경기,광주시,도척면,노곡리
경기,광주시,도척면,도웅리
경기,광주시,도척면,도척면
경기,광주시,도척면,방도리
경기,광주시,도척면,상림리
경기,광주시,도척면,유정리
경기,광주시,도척면,진우리
경기,광주시,도척면,추곡리
경기,광주시,송정동,송정동
경기,광주시,쌍령동,쌍령동
경기,광주시,오포읍,고산리
경기,광주시,오포읍,능평리
경기,광주시,오포읍,매산리
경기,광주시,오포읍,문형리
경기,광주시,오포읍,신현리
경기,광주시,오포읍,양벌리
경기,광주시,오포읍,오포읍
경기,광주시,오포읍,추자리
경기,광주시,초월읍,늑현리
경기,광주시,초월읍,대쌍령리
경기,광주시,초월읍,도평리
경기,광주시,초월읍,무갑리
경기,광주시,초월읍,산이리
경기,광주시,초월읍,서하리
경기,광주시,초월읍,선동리
경기,광주시,초월읍,신월리
경기,광주시,초월읍,쌍동리
경기,광주시,초월읍,용수리
경기,광주시,초월읍,지월리
경기,광주시,초월읍,초월읍
경기,광주시,초월읍,학동리
경기,광주시,탄벌동,목현동
경기,광주시,탄벌동,탄벌동
경기,광주시,탄벌동,회덕동
경기,광주시,퇴촌면,관음리
경기,광주시,퇴촌면,광동리
경기,광주시,퇴촌면,도마리
경기,광주시,퇴촌면,도수리
경기,광주시,퇴촌면,무수리
경기,광주시,퇴촌면,영동리
경기,광주시,퇴촌면,오리
경기,광주시,퇴촌면,우산리
경기,광주시,퇴촌면,원당리
경기,광주시,퇴촌면,정지리
경기,광주시,퇴촌면,퇴촌면
경기,구리시,갈매동,갈매동
경기,구리시,교문1동,교문동
경기,구리시,교문1동,아천동
경기,구리시,교문2동,교문동
경기,구리시,구리시,구리시
경기,구리시,동구동,사노동
경기,구리시,동구동,인창동
경기,구리시,수택1동,교문동
경기,구리시,수택1동,수택동
경기,구리시,수택2동,교문동
경기,구리시,수택2동,수택동
경기,구리시,수택2동,토평동
경기,구리시,수택3동,수택동
경기,구리시,수택3동,토평동
경기,구리시,인창동,교문동
경기,구리시,인창동,인창동
경기,군포시,광정동,산본동
경기,군포시,군포1동,당동
경기,군포시,군포1동,당정동
경기,군포시,군포2동,당동
경기,군포시,군포2동,부곡동
경기,군포시,군포시,군포시
경기,군포시,궁내동,산본동
경기,군포시,금정동,금정동
경기,군포시,대야동,대야미동
경기,군포시,대야동,둔대동
경기,군포시,대야동,속달동
경기,군포시,산본1동,산본동
경기,군포시,산본2동,산본동
경기,군포시,송부동,대야미동
경기,군포시,송부동,도마교동
경기,군포시,송부동,부곡동
경기,군포시,수리동,산본동
경기,군포시,오금동,금정동
경기,군포시,오금동,산본동
경기,군포시,재궁동,금정동
경기,김포시,고촌읍,고촌읍
경기,김포시,고촌읍,신곡리
경기,김포시,고촌읍,전호리
경기,김포시,고촌읍,태리
경기,김포시,고촌읍,풍곡리
경기,김포시,고촌읍,향산리
경기,김포시,구래동,구래동
경기,김포시,김포본동,감정동
경기,김포시,김포본동,걸포동
경기,김포시,김포본동,북변동
경기,김포시,김포시,김포시
경기,김포시,대곶면,거물대리
경기,김포시,대곶면,대곶면
경기,김포시,대곶면,대능리
경기,김포시,대곶면,대명리
경기,김포시,대곶면,대벽리
경기,김포시,대곶면,상마리
경기,김포시,대곶면,석정리
경기,김포시,대곶면,송마리
경기,김포시,대곶면,쇄암리
경기,김포시,대곶면,신안리
경기,김포시,대곶면,약암리
경기,김포시,대곶면,오니산리
경기,김포시,대곶면,율생리
경기,김포시,대곶면,초원지리
경기,김포시,마산동,마산동
경기,김포시,사우동,사우동
경기,김포시,양촌읍,구래리
경기,김포시,양촌읍,누산리
경기,김포시,양촌읍,대포리
경기,김포시,양촌읍,석모리
경기,김포시,양촌읍,양곡리
경기,김포시,양촌읍,양촌읍
경기,김포시,양촌읍,유현리
경기,김포시,양촌읍,학운리
경기,김포시,양촌읍,흥신리
경기,김포시,운양동,운양동
경기,김포시,월곶면,갈산리
경기,김포시,월곶면,개곡리
경기,김포시,월곶면,고막리
경기,김포시,월곶면,고양리
경기,김포시,월곶면,군하리
경기,김포시,월곶면,보구곶리
경기,김포시,월곶면,성동리
경기,김포시,월곶면,용강리
경기,김포시,월곶면,월곶면
경기,김포시,월곶면,조강리
경기,김포시,월곶면,포내리
경기,김포시,장기동,감정동
경기,김포시,장기동,장기동
경기,김포시,장기본동,장기동
경기,김포시,통진읍,가현리
경기,김포시,통진읍,고정리
경기,김포시,통진읍,귀전리
경기,김포시,통진읍,도사리
경기,김포시,통진읍,동을산리
경기,김포시,통진읍,마송리
경기,김포시,통진읍,서암리
경기,김포시,통진읍,수참리
경기,김포시,통진읍,옹정리
경기,김포시,통진읍,통진읍
경기,김포시,풍무동,풍무동
경기,김포시,하성면,가금리
경기,김포시,하성면,마곡리
경기,김포시,하성면,마근포리
경기,김포시,하성면,마조리
경기,김포시,하성면,봉성리
경기,김포시,하성면,석탄리
경기,김포시,하성면,시암리
경기,김포시,하성면,양택리
경기,김포시,하성면,원산리
경기,김포시,하성면,전류리
경기,김포시,하성면,하사리
경기,김포시,하성면,하성면
경기,김포시,하성면,후평리
경기,남양주시,금곡동,금곡동
경기,남양주시,남양주시,남양주시
경기,남양주시,다산1동,다산동
경기,남양주시,다산2동,다산동
경기,남양주시,다산2동,도농동
경기,남양주시,다산2동,수석동
경기,남양주시,다산2동,지금동
경기,남양주시,별내동,별내동
경기,남양주시,별내면,광전리
경기,남양주시,별내면,별내면
경기,남양주시,별내면,용암리
경기,남양주시,별내면,청학리
경기,남양주시,수동면,내방리
경기,남양주시,수동면,송천리
경기,남양주시,수동면,수동면
경기,남양주시,수동면,수산리
경기,남양주시,수동면,외방리
경기,남양주시,수동면,운수리
경기,남양주시,수동면,입석리
경기,남양주시,수동면,지둔리
경기,남양주시,양정동,삼패동
경기,남양주시,양정동,이패동
경기,남양주시,양정동,일패동
경기,남양주시,오남읍,양지리
경기,남양주시,오남읍,오남리
경기,남양주시,오남읍,오남읍
경기,남양주시,오남읍,팔현리
경기,남양주시,와부읍,덕소리
경기,남양주시,와부읍,도곡리
경기,남양주시,와부읍,와부읍
경기,남양주시,와부읍,월문리
경기,남양주시,와부읍,율석리
경기,남양주시,와부읍,팔당리
경기,남양주시,조안면,능내리
경기,남양주시,조안면,삼봉리
경기,남양주시,조안면,송촌리
경기,남양주시,조안면,시우리
경기,남양주시,조안면,조안리
경기,남양주시,조안면,조안면
경기,남양주시,조안면,진중리
경기,남양주시,진건읍,배양리
경기,남양주시,진건읍,사능리
경기,남양주시,진건읍,송능리
경기,남양주시,진건읍,신월리
경기,남양주시,진건읍,용정리
경기,남양주시,진건읍,진건읍
경기,남양주시,진건읍,진관리
경기,남양주시,진접읍,금곡리
경기,남양주시,진접읍,내각리
경기,남양주시,진접읍,내곡리
경기,남양주시,진접읍,부평리
경기,남양주시,진접읍,연평리
경기,남양주시,진접읍,장현리
경기,남양주시,진접읍,진벌리
경기,남양주시,진접읍,진접읍
경기,남양주시,진접읍,팔야리
경기,남양주시,퇴계원읍,퇴계원리
경기,남양주시,퇴계원읍,퇴계원읍
경기,남양주시,평내동,평내동
경기,남양주시,호평동,호평동
경기,남양주시,화도읍,가곡리
경기,남양주시,화도읍,마석우리
경기,남양주시,화도읍,묵현리
경기,동두천시,동두천시,동두천시
경기,동두천시,보산동,걸산동
경기,동두천시,보산동,보산동
경기,동두천시,불현동,광암동
경기,동두천시,불현동,생연동
경기,동두천시,불현동,지행동
경기,동두천시,불현동,탑동동
경기,동두천시,상패동,상패동
경기,동두천시,생연1동,생연동
경기,동두천시,생연2동,생연동
경기,동두천시,소요동,동두천동
경기,동두천시,소요동,상봉암동
경기,동두천시,소요동,안흥동
경기,동두천시,소요동,하봉암동
경기,동두천시,송내동,송내동
경기,동두천시,송내동,지행동
경기,동두천시,중앙동,생연동
경기,부천시,고강1동,고강동
경기,부천시,고강본동,고강동
경기,부천시,괴안동,괴안동
경기,부천시,도당동,도당동
경기,부천시,범박동,계수동
경기,부천시,범박동,범박동
경기,부천시,부천시,부천시
경기,부천시,부천시 소사구,부천시 소사구
경기,부천시,부천시 오정구,부천시 오정구
경기,부천시,부천시 원미구,부천시 원미구
경기,부천시,상1동,상동
경기,부천시,상2동,상동
경기,부천시,상3동,상동
경기,부천시,상동,상동
경기,부천시,성곡동,여월동
경기,부천시,성곡동,원종동
경기,부천시,성곡동,작동
경기,부천시,소사동,소사동
경기,부천시,소사본1동,소사본동
경기,부천시,소사본동,소사본동
경기,부천시,송내1동,송내동
경기,부천시,송내2동,송내동
경기,부천시,신흥동,내동
경기,부천시,신흥동,삼정동
경기,부천시,심곡1동,심곡동
경기,부천시,심곡2동,심곡동
경기,부천시,심곡3동,심곡동
경기,부천시,심곡본1동,심곡본동
경기,부천시,심곡본동,심곡본동
경기,부천시,약대동,도당동
경기,부천시,약대동,약대동
경기,부천시,약대동,중동
경기,부천시,역곡1동,역곡동
경기,부천시,역곡2동,역곡동
경기,부천시,역곡3동,괴안동
경기,부천시,오정동,대장동
경기,부천시,오정동,오정동
경기,부천시,옥길동,계수동
경기,부천시,옥길동,범박동
경기,부천시,옥길동,옥길동
경기,부천시,원미1동,원미동
경기,부천시,원미2동,원미동
경기,부천시,원종1동,원종동
경기,부천시,원종2동,오정동
경기,부천시,원종2동,원종동
경기,부천시,중1동,중동
경기,부천시,중2동,중동
경기,부천시,중3동,중동
경기,부천시,중4동,중동
경기,부천시,중동,상동
경기,부천시,중동,중동
경기,부천시,춘의동,춘의동
경기,성남시,고등동,고등동
경기,성남시,고등동,둔전동
경기,성남시,고등동,상적동
경기,성남시,구미1동,구미동
경기,성남시,구미1동,동원동
경기,성남시,구미동,구미동
경기,성남시,금곡동,궁내동
경기,성남시,금곡동,금곡동
경기,성남시,금광1동,금광동
경기,성남시,금광2동,금광동
경기,성남시,단대동,단대동
경기,성남시,도촌동,갈현동
경기,성남시,도촌동,도촌동
경기,성남시,도촌동,여수동
경기,성남시,백현동,백현동
경기,성남시,복정동,복정동
경기,성남시,분당동,분당동
경기,성남시,산성동,산성동
경기,성남시,삼평동,삼평동
경기,성남시,상대원1동,상대원동
경기,성남시,상대원2동,상대원동
경기,성남시,상대원3동,상대원동
경기,성남시,서현1동,서현동
경기,성남시,서현1동,율동
경기,성남시,서현2동,서현동
경기,성남시,성남동,성남동
경기,성남시,성남시,성남시
경기,성남시,성남시 분당구,성남시분당구
경기,성남시,성남시 수정구,성남시수정구
경기,성남시,성남시 중원구,성남시중원구
경기,성남시,수내1동,수내동
경기,성남시,수내2동,수내동
경기,성남시,수내3동,수내동
경기,성남시,수진1동,수진동
경기,성남시,수진2동,수진동
경기,성남시,시흥동,금토동
경기,성남시,시흥동,사송동
경기,성남시,시흥동,시흥동
경기,성남시,신촌동,신촌동
경기,성남시,신촌동,심곡동
경기,성남시,신촌동,오야동
경기,성남시,신흥1동,신흥동
경기,성남시,신흥2동,신흥동
경기,성남시,신흥3동,신흥동
경기,성남시,야탑1동,야탑동
경기,성남시,야탑2동,야탑동
경기,성남시,야탑3동,야탑동
경기,성남시,양지동,양지동
경기,성남시,운중동,대장동
경기,성남시,운중동,석운동
경기,성남시,운중동,운중동
경기,성남시,운중동,하산운동
경기,성남시,위례동,복정동
경기,성남시,위례동,창곡동
경기,성남시,은행1동,은행동
경기,성남시,은행2동,은행동
경기,성남시,이매1동,이매동
경기,성남시,이매2동,이매동
경기,성남시,정자1동,정자동
경기,성남시,정자2동,정자동
경기,성남시,정자3동,정자동
경기,성남시,정자동,정자동
경기,성남시,중앙동,중앙동
경기,성남시,태평1동,태평동
경기,성남시,태평2동,태평동
경기,성남시,태평3동,태평동
경기,성남시,태평4동,태평동
경기,성남시,판교동,백현동
경기,성남시,판교동,판교동
경기,성남시,하대원동,하대원동
경기,수원시,고등동,고등동
경기,수원시,곡선동,곡반정동
경기,수원시,곡선동,권선동
경기,수원시,곡선동,대황교동
경기,수원시,광교1동,이의동
경기,수원시,광교2동,하동
경기,수원시,구운동,구운동
경기,수원시,권선1동,권선동
경기,수원시,권선2동,권선동
경기,수원시,금곡동,금곡동
경기,수원시,망포1동,망포동
경기,수원시,망포2동,망포동
경기,수원시,매교동,교동
경기,수원시,매교동,매교동
경기,수원시,매산동,매산로1가
경기,수원시,매산동,매산로2가
경기,수원시,매산동,매산로3가
경기,수원시,매탄1동,매탄동
경기,수원시,매탄2동,매탄동
경기,수원시,매탄3동,매탄동
경기,수원시,매탄4동,매탄동
경기,수원시,서둔동,서둔동
경기,수원시,서둔동,탑동
경기,수원시,세류1동,세류동
경기,수원시,세류2동,세류동
경기,수원시,세류2동,장지동
경기,수원시,세류3동,세류동
경기,수원시,송죽동,송죽동
경기,수원시,수원시,수원시
경기,수원시,수원시 권선구,수원시권선구
경기,수원시,수원시 영통구,수원시영통구
경기,수원시,수원시 장안구,수원시장안구
경기,수원시,수원시 팔달구,수원시팔달구
경기,수원시,연무동,상광교동
경기,수원시,연무동,연무동
경기,수원시,연무동,하광교동
경기,수원시,영통1동,영통동
경기,수원시,영통2동,망포동
경기,수원시,영통2동,신동
경기,수원시,영통2동,영통동
경기,수원시,영통3동,영통동
경기,수원시,영화동,영화동
경기,수원시,우만1동,우만동
경기,수원시,우만2동,우만동
경기,수원시,원천동,원천동
경기,수원시,율천동,율전동
경기,수원시,율천동,천천동
경기,수원시,인계동,인계동
경기,수원시,입북동,당수동
경기,수원시,입북동,입북동
경기,수원시,정자1동,정자동
경기,수원시,정자2동,정자동
경기,수원시,정자3동,정자동
경기,수원시,정자3동,천천동
경기,수원시,조원1동,조원동
경기,수원시,조원2동,조원동
경기,수원시,지동,지동
경기,수원시,파장동,이목동
경기,수원시,파장동,파장동
경기,수원시,평동,고색동
경기,수원시,평동,오목천동
경기,수원시,평동,평동
경기,수원시,평동,평리동
경기,수원시,행궁동,구천동
경기,수원시,행궁동,남수동
경기,수원시,행궁동,남창동
경기,수원시,행궁동,매향동
경기,수원시,행궁동,북수동
경기,수원시,행궁동,신풍동
경기,수원시,행궁동,영동
경기,수원시,행궁동,장안동
경기,수원시,행궁동,중동
경기,수원시,행궁동,팔달로1가
경기,수원시,행궁동,팔달로2가
경기,수원시,행궁동,팔달로3가
경기,수원시,호매실동,호매실동
경기,수원시,화서1동,화서동
경기,수원시,화서2동,화서동
경기,시흥시,거북섬동,정왕동
경기,시흥시,과림동,과림동
경기,시흥시,과림동,무지내동
경기,시흥시,군자동,거모동
경기,시흥시,군자동,군자동
경기,시흥시,능곡동,광석동
경기,시흥시,능곡동,군자동
경기,시흥시,능곡동,능곡동
경기,시흥시,능곡동,장현동
경기,시흥시,능곡동,화정동
경기,시흥시,대야동,계수동
경기,시흥시,대야동,대야동
경기,시흥시,매화동,금이동
경기,시흥시,매화동,도창동
경기,시흥시,매화동,매화동
경기,시흥시,목감동,논곡동
경기,시흥시,목감동,목감동
경기,시흥시,목감동,물왕동
경기,시흥시,목감동,산현동
경기,시흥시,목감동,조남동
경기,시흥시,배곧1동,배곧동
경기,시흥시,배곧2동,배곧동
경기,시흥시,시흥시,시흥시
경기,시흥시,신천동,신천동
경기,시흥시,신현동,미산동
경기,시흥시,신현동,방산동
경기,시흥시,신현동,포동
경기,시흥시,연성동,광석동
경기,시흥시,연성동,장현동
경기,시흥시,연성동,하상동
경기,시흥시,연성동,하중동
경기,시흥시,월곶동,월곶동
경기,시흥시,은행동,안현동
경기,시흥시,은행동,은행동
경기,시흥시,장곡동,장곡동
경기,시흥시,장곡동,장현동
경기,시흥시,정왕1동,정왕동
경기,시흥시,정왕2동,정왕동
경기,시흥시,정왕3동,정왕동
경기,시흥시,정왕4동,정왕동
경기,시흥시,정왕본동,정왕동
경기,시흥시,정왕본동,죽율동
경기,안산시,고잔동,고잔동
경기,안산시,대부동,대부남동
경기,안산시,대부동,대부동동
경기,안산시,대부동,대부북동
경기,안산시,대부동,선감동
경기,안산시,대부동,풍도동
경기,안산시,반월동,건건동
경기,안산시,반월동,사사동
경기,안산시,반월동,팔곡일동
경기,안산시,백운동,원곡동
경기,안산시,본오1동,본오동
경기,안산시,본오1동,팔곡이동
경기,안산시,본오2동,본오동
경기,안산시,본오3동,본오동
경기,안산시,부곡동,부곡동
경기,안산시,사동,사동
경기,안산시,사이동,사동
경기,안산시,선부1동,선부동
경기,안산시,선부2동,선부동
경기,안산시,선부3동,선부동
경기,안산시,선부3동,화정동
경기,안산시,성포동,성포동
경기,안산시,신길동,신길동
경기,안산시,신길동,원곡동
경기,안산시,안산동,수암동
경기,안산시,안산동,장상동
경기,안산시,안산동,장하동
경기,안산시,안산시,안산시
경기,안산시,안산시 단원구,안산시단원구
경기,안산시,안산시 상록구,안산시상록구
경기,안산시,와동,와동
경기,안산시,원곡동,원곡동
경기,안산시,월피동,부곡동
경기,안산시,월피동,양상동
경기,안산시,월피동,월피동
경기,안산시,이동,이동
경기,안산시,이동,일동
경기,안산시,일동,이동
경기,안산시,일동,일동
경기,안산시,중앙동,고잔동
경기,안산시,초지동,목내동
경기,안산시,초지동,성곡동
경기,안산시,초지동,원시동
경기,안산시,초지동,초지동
경기,안산시,해양동,사동
경기,안산시,호수동,고잔동
경기,안성시,고삼면,가유리
경기,안성시,고삼면,고삼면
경기,안성시,고삼면,대갈리
경기,안성시,고삼면,봉산리
경기,안성시,고삼면,삼은리
경기,안성시,고삼면,신창리
경기,안성시,고삼면,쌍지리
경기,안성시,고삼면,월향리
경기,안성시,공도읍,건천리
경기,안성시,공도읍,공도읍
경기,안성시,공도읍,마정리
경기,안성시,공도읍,만정리
경기,안성시,공도읍,불당리
경기,안성시,공도읍,승두리
경기,안성시,공도읍,신두리
경기,안성시,공도읍,양기리
경기,안성시,공도읍,용두리
경기,안성시,공도읍,웅교리
경기,안성시,공도읍,중복리
경기,안성시,공도읍,진사리
경기,안성시,금광면,개산리
경기,안성시,금광면,금광리
경기,안성시,금광면,금광면
경기,안성시,금광면,내우리
경기,안성시,금광면,사흥리
경기,안성시,금광면,삼흥리
경기,안성시,금광면,상중리
경기,안성시,금광면,석하리
경기,안성시,금광면,신양복리
경기,안성시,금광면,오산리
경기,안성시,금광면,오흥리
경기,안성시,금광면,옥정리
경기,안성시,금광면,장죽리
경기,안성시,금광면,한운리
경기,안성시,금광면,현곡리
경기,안성시,대덕면,건지리
경기,안성시,대덕면,내리
경기,안성시,대덕면,대농리
경기,안성시,대덕면,대덕면
경기,안성시,대덕면,명당리
경기,안성시,대덕면,모산리
경기,안성시,대덕면,무능리
경기,안성시,대덕면,보동리
경기,안성시,대덕면,삼한리
경기,안성시,대덕면,소내리
경기,안성시,대덕면,소현리
경기,안성시,대덕면,신령리
경기,안성시,대덕면,죽리
경기,안성시,대덕면,진현리
경기,안성시,대덕면,토현리
경기,안성시,미양면,갈전리
경기,안성시,미양면,강덕리
경기,안성시,미양면,개정리
경기,안성시,미양면,계륵리
경기,안성시,미양면,고지리
경기,안성시,미양면,구례리
경기,안성시,미양면,구수리
경기,안성시,미양면,마산리
경기,안성시,미양면,미양면
경기,안성시,미양면,법전리
경기,안성시,미양면,보체리
경기,안성시,미양면,신계리
경기,안성시,미양면,신기리
경기,안성시,미양면,양변리
경기,안성시,미양면,양지리
경기,안성시,미양면,용두리
경기,안성시,미양면,정동리
경기,안성시,미양면,진촌리
경기,안성시,미양면,후평리
경기,안성시,보개면,가율리
경기,안성시,보개면,곡천리
경기,안성시,보개면,구사리
경기,안성시,보개면,기좌리
경기,안성시,보개면,남풍리
경기,안성시,보개면,내방리
경기,안성시,보개면,동신리
경기,안성시,보개면,동평리
경기,안성시,보개면,보개면
경기,안성시,보개면,복평리
경기,안성시,보개면,북가현리
경기,안성시,보개면,북좌리
경기,안성시,보개면,불현리
경기,안성시,보개면,상삼리
경기,안성시,보개면,신안리
경기,안성시,보개면,신장리
경기,안성시,보개면,양복리
경기,안성시,보개면,오두리
경기,안성시,보개면,이전리
경기,안성시,보개면,적가리
경기,안성시,삼죽면,기솔리
경기,안성시,삼죽면,내강리
경기,안성시,삼죽면,내장리
경기,안성시,삼죽면,덕산리
경기,안성시,삼죽면,마전리
경기,안성시,삼죽면,미장리
경기,안성시,삼죽면,배태리
경기,안성시,삼죽면,삼죽면
경기,안성시,삼죽면,용월리
경기,안성시,삼죽면,율곡리
경기,안성시,삼죽면,진촌리
경기,안성시,서운면,동촌리
경기,안성시,서운면,북산리
경기,안성시,서운면,산평리
경기,안성시,서운면,서운면
경기,안성시,서운면,송산리
경기,안성시,서운면,송정리
경기,안성시,서운면,신기리
경기,안성시,서운면,신능리
경기,안성시,서운면,신촌리
경기,안성시,서운면,신흥리
경기,안성시,서운면,양촌리
경기,안성시,서운면,오촌리
경기,안성시,서운면,인리
경기,안성시,서운면,청용리
경기,안성시,서운면,현매리
경기,안성시,안성1동,가사동
경기,안성시,안성1동,가현동
경기,안성시,안성1동,구포동
경기,안성시,안성1동,낙원동
경기,안성시,안성1동,동본동
경기,안성시,안성1동,명륜동
경기,안성시,안성1동,발화동
경기,안성시,안성1동,봉남동
경기,안성시,안성1동,봉산동
경기,안성시,안성1동,성남동
경기,안성시,안성1동,숭인동
경기,안성시,안성1동,영동
경기,안성시,안성1동,옥천동
경기,안성시,안성1동,창전동
경기,안성시,안성1동,현수동
경기,안성시,안성2동,계동
경기,안성시,안성2동,도기동
경기,안성시,안성2동,서인동
경기,안성시,안성2동,석정동
경기,안성시,안성2동,신흥동
경기,안성시,안성2동,아양동
경기,안성시,안성2동,옥산동
경기,안성시,안성2동,인지동
경기,안성시,안성2동,중리동
경기,안성시,안성3동,금산동
경기,안성시,안성3동,금석동
경기,안성시,안성3동,당왕동
경기,안성시,안성3동,대천동
경기,안성시,안성3동,사곡동
경기,안성시,안성3동,신건지동
경기,안성시,안성3동,신모산동
경기,안성시,안성3동,신소현동
경기,안성시,안성3동,연지동
경기,안성시,안성시,안성시
경기,안성시,양성면,구장리
경기,안성시,양성면,난실리
경기,안성시,양성면,노곡리
경기,안성시,양성면,덕봉리
경기,안성시,양성면,도곡리
경기,안성시,양성면,동항리
경기,안성시,양성면,명목리
경기,안성시,양성면,미산리
경기,안성시,양성면,방신리
경기,안성시,양성면,방축리
경기,안성시,양성면,산정리
경기,안성시,양성면,삼암리
경기,안성시,양성면,석화리
경기,안성시,양성면,양성면
경기,안성시,양성면,이현리
경기,안성시,양성면,장서리
경기,안성시,양성면,조일리
경기,안성시,양성면,추곡리
경기,안성시,양성면,필산리
경기,안성시,원곡면,내가천리
경기,안성시,원곡면,반제리
경기,안성시,원곡면,산하리
경기,안성시,원곡면,성은리
경기,안성시,원곡면,성주리
경기,안성시,원곡면,외가천리
경기,안성시,원곡면,원곡면
경기,안성시,원곡면,지문리
경기,안성시,원곡면,칠곡리
경기,안성시,일죽면,가리
경기,안성시,일죽면,고은리
경기,안성시,일죽면,금산리
경기,안성시,일죽면,능국리
경기,안성시,일죽면,당촌리
경기,안성시,일죽면,방초리
경기,안성시,일죽면,산북리
경기,안성시,일죽면,송천리
경기,안성시,일죽면,신흥리
경기,안성시,일죽면,월정리
경기,안성시,일죽면,일죽면
경기,안성시,일죽면,장암리
경기,안성시,일죽면,주천리
경기,안성시,일죽면,죽림리
경기,안성시,일죽면,화곡리
경기,안성시,일죽면,화봉리
경기,안성시,죽산면,당목리
경기,안성시,죽산면,두교리
경기,안성시,죽산면,두현리
경기,안성시,죽산면,매산리
경기,안성시,죽산면,용설리
경기,안성시,죽산면,장계리
경기,안성시,죽산면,장능리
경기,안성시,죽산면,장원리
경기,안성시,죽산면,죽산리
경기,안성시,죽산면,죽산면
경기,안성시,죽산면,칠장리
경기,안양시,갈산동,호계동
경기,안양시,관양동,관양동
경기,안양시,귀인동,평촌동
경기,안양시,달안동,비산동
경기,안양시,박달1동,박달동
경기,안양시,박달2동,박달동
경기,안양시,범계동,호계동
경기,안양시,부림동,관양동
경기,안양시,부흥동,비산동
경기,안양시,비산1동,비산동
경기,안양시,비산1동,안양동
경기,안양시,비산2동,비산동
경기,안양시,비산3동,비산동
경기,안양시,석수1동,석수동
경기,안양시,석수1동,안양동
경기,안양시,석수2동,석수동
경기,안양시,신촌동,호계동
경기,안양시,안양1동,안양동
경기,안양시,안양2동,안양동
경기,안양시,안양3동,안양동
경기,안양시,안양4동,안양동
경기,안양시,안양5동,안양동
경기,안양시,안양6동,안양동
경기,안양시,안양7동,안양동
경기,안양시,안양8동,안양동
경기,안양시,안양9동,안양동
경기,안양시,안양시,안양시
경기,안양시,안양시 동안구,안양시동안구
경기,안양시,안양시 만안구,안양시만안구
경기,안양시,인덕원동,관양동
경기,안양시,충훈동,석수동
경기,안양시,평안동,평촌동
경기,안양시,평촌동,평촌동
경기,안양시,호계1동,호계동
경기,안양시,호계2동,호계동
경기,안양시,호계3동,호계동
경기,양주시,광적면,가납리
경기,양주시,광적면,광석리
경기,양주시,광적면,광적면
경기,양주시,광적면,덕도리
경기,양주시,광적면,비암리
경기,양주시,광적면,석우리
경기,양주시,광적면,우고리
경기,양주시,광적면,효촌리
경기,양주시,남면,경신리
경기,양주시,남면,구암리
경기,양주시,남면,남면
경기,양주시,남면,두곡리
경기,양주시,남면,매곡리
경기,양주시,남면,상수리
경기,양주시,남면,신산리
경기,양주시,남면,신암리
경기,양주시,남면,입암리
경기,양주시,남면,한산리
경기,양주시,남면,황방리
경기,양주시,백석읍,가업리
경기,양주시,백석읍,기산리
경기,양주시,백석읍,방성리
경기,양주시,백석읍,백석읍
경기,양주시,백석읍,복지리
경기,양주시,백석읍,연곡리
경기,양주시,백석읍,오산리
경기,양주시,백석읍,홍죽리
경기,양주시,양주1동,남방동
경기,양주시,양주1동,마전동
경기,양주시,양주1동,산북동
경기,양주시,양주1동,어둔동
경기,양주시,양주1동,유양동
경기,양주시,양주2동,고읍동
경기,양주시,양주2동,광사동
경기,양주시,양주2동,만송동
경기,양주시,양주2동,삼숭동
경기,양주시,양주시,양주시
경기,양주시,옥정1동,옥정동
경기,양주시,옥정1동,율정동
경기,양주시,옥정1동,회암동
경기,양주시,옥정2동,옥정동
경기,양주시,은현면,도하리
경기,양주시,은현면,봉암리
경기,양주시,은현면,선암리
경기,양주시,은현면,용암리
경기,양주시,은현면,운암리
경기,양주시,은현면,은현면
경기,양주시,은현면,하패리
경기,양주시,장흥면,교현리
경기,양주시,장흥면,부곡리
경기,양주시,장흥면,삼상리
경기,양주시,장흥면,삼하리
경기,양주시,장흥면,석현리
경기,양주시,장흥면,울대리
경기,양주시,장흥면,일영리
경기,양주시,장흥면,장흥면
경기,양주시,회천1동,덕정동
경기,양주시,회천1동,봉양동
경기,양주시,회천2동,덕계동
경기,양주시,회천2동,회정동
경기,양주시,회천3동,고암동
경기,양주시,회천3동,덕정동
경기,양평군,강상면,강상면
경기,양평군,강상면,교평리
경기,양평군,강상면,대석리
경기,양평군,강상면,병산리
경기,양평군,강상면,세월리
경기,양평군,강상면,송학리
경기,양평군,강상면,신화리
경기,양평군,강상면,화양리
경기,양평군,강하면,강하면
경기,양평군,강하면,동오리
경기,양평군,강하면,성덕리
경기,양평군,강하면,왕창리
경기,양평군,강하면,운심리
경기,양평군,강하면,전수리
경기,양평군,강하면,항금리
경기,양평군,개군면,개군면
경기,양평군,개군면,계전리
경기,양평군,개군면,공세리
경기,양평군,개군면,구미리
경기,양평군,개군면,내리
경기,양평군,개군면,부리
경기,양평군,개군면,불곡리
경기,양평군,개군면,상자포리
경기,양평군,개군면,석장리
경기,양평군,개군면,앙덕리
경기,양평군,개군면,자연리
경기,양평군,개군면,주읍리
경기,양평군,개군면,하자포리
경기,양평군,개군면,향리
경기,양평군,단월면,단월면
경기,양평군,단월면,덕수리
경기,양평군,단월면,명성리
경기,양평군,단월면,보룡리
경기,양평군,단월면,봉상리
경기,양평군,단월면,부안리
경기,양평군,단월면,산음리
경기,양평군,단월면,삼가리
경기,양평군,단월면,석산리
경기,양평군,단월면,향소리
경기,양평군,서종면,노문리
경기,양평군,서종면,도장리
경기,양평군,서종면,명달리
경기,양평군,서종면,문호리
경기,양평군,서종면,서종면
경기,양평군,서종면,서후리
경기,양평군,서종면,수능리
경기,양평군,서종면,수입리
경기,양평군,서종면,정배리
경기,양평군,양동면,계정리
경기,양평군,양동면,고송리
경기,양평군,양동면,금왕리
경기,양평군,양동면,단석리
경기,양평군,양동면,매월리
경기,양평군,양동면,삼산리
경기,양평군,양동면,석곡리
경기,양평군,양동면,쌍학리
경기,양평군,양동면,양동면
경기,양평군,양서면,국수리
경기,양평군,양서면,대심리
경기,양평군,양서면,도곡리
경기,양평군,양서면,목왕리
경기,양평군,양서면,복포리
경기,양평군,양서면,부용리
경기,양평군,양서면,신원리
경기,양평군,양서면,양서면
경기,양평군,양서면,양수리
경기,양평군,양서면,용담리
경기,양평군,양서면,증동리
경기,양평군,양서면,청계리
경기,양평군,양평군,양평군
경기,양평군,양평읍,공흥리
경기,양평군,양평읍,대흥리
경기,양평군,양평읍,덕평리
경기,양평군,양평읍,도곡리
경기,양평군,양평읍,백안리
경기,양평군,양평읍,봉성리
경기,양평군,양평읍,신애리
경기,양평군,양평읍,양근리
경기,양평군,양평읍,양평읍
경기,양평군,양평읍,오빈리
경기,양평군,양평읍,원덕리
경기,양평군,양평읍,창대리
경기,양평군,양평읍,회현리
경기,양평군,옥천면,신복리
경기,양평군,옥천면,아신리
경기,양평군,옥천면,옥천리
경기,양평군,옥천면,옥천면
경기,양평군,옥천면,용천리
경기,양평군,용문면,광탄리
경기,양평군,용문면,금곡리
경기,양평군,용문면,다문리
경기,양평군,용문면,덕촌리
경기,양평군,용문면,마룡리
경기,양평군,용문면,망능리
경기,양평군,용문면,삼성리
경기,양평군,용문면,신점리
경기,양평군,용문면,연수리
경기,양평군,용문면,오촌리
경기,양평군,용문면,용문면
경기,양평군,용문면,조현리
경기,양평군,용문면,중원리
경기,양평군,용문면,화전리
경기,양평군,지평면,곡수리
경기,양평군,지평면,대평리
경기,양평군,지평면,망미리
경기,양평군,지평면,무왕리
경기,양평군,지평면,송현리
경기,양평군,지평면,수곡리
경기,양평군,지평면,옥현리
경기,양평군,지평면,월산리
경기,양평군,지평면,일신리
경기,양평군,지평면,지평리
경기,양평군,지평면,지평면
경기,양평군,청운면,가현리
경기,양평군,청운면,갈운리
경기,양평군,청운면,다대리
경기,양평군,청운면,도원리
경기,양평군,청운면,비룡리
경기,양평군,청운면,삼성리
경기,양평군,청운면,신론리
경기,양평군,청운면,여물리
경기,양평군,청운면,용두리
경기,양평군,청운면,청운면
경기,여주시,가남읍,가남읍
경기,여주시,가남읍,건장리
경기,여주시,가남읍,금곡리
경기,여주시,가남읍,금당리
경기,여주시,가남읍,대신리
경기,여주시,가남읍,본두리
경기,여주시,가남읍,삼군리
경기,여주시,가남읍,삼승리
경기,여주시,가남읍,상활리
경기,여주시,가남읍,송림리
경기,여주시,가남읍,신해리
경기,여주시,가남읍,심석리
경기,여주시,가남읍,안금리
경기,여주시,가남읍,양귀리
경기,여주시,가남읍,연대리
경기,여주시,가남읍,오산리
경기,여주시,가남읍,은봉리
경기,여주시,가남읍,정단리
경기,여주시,가남읍,태평리
경기,여주시,가남읍,하귀리
경기,여주시,가남읍,화평리
경기,여주시,강천면,가야리
경기,여주시,강천면,간매리
경기,여주시,강천면,강천리
경기,여주시,강천면,강천면
경기,여주시,강천면,걸은리
경기,여주시,강천면,굴암리
경기,여주시,강천면,도전리
경기,여주시,강천면,부평리
경기,여주시,강천면,이호리
경기,여주시,강천면,적금리
경기,여주시,금사면,궁리
경기,여주시,금사면,금사리
경기,여주시,금사면,금사면
경기,여주시,금사면,도곡리
경기,여주시,금사면,상호리
경기,여주시,금사면,소유리
경기,여주시,금사면,외평리
경기,여주시,금사면,이포리
경기,여주시,금사면,장흥리
경기,여주시,금사면,전북리
경기,여주시,금사면,주록리
경기,여주시,금사면,하호리
경기,여주시,대신면,가산리
경기,여주시,대신면,계림리
경기,여주시,대신면,당남리
경기,여주시,대신면,당산리
경기,여주시,대신면,대신면
경기,여주시,대신면,도롱리
경기,여주시,대신면,무촌리
경기,여주시,대신면,보통리
경기,여주시,대신면,상구리
경기,여주시,대신면,송촌리
경기,여주시,대신면,양촌리
경기,여주시,대신면,옥촌리
경기,여주시,대신면,윤촌리
경기,여주시,대신면,율촌리
경기,여주시,대신면,장풍리
경기,여주시,대신면,천남리
경기,여주시,대신면,천서리
경기,여주시,대신면,초현리
경기,여주시,대신면,하림리
경기,여주시,대신면,후포리
경기,여주시,북내면,가정리
경기,여주시,북내면,내룡리
경기,여주시,북내면,당우리
경기,여주시,북내면,덕산리
경기,여주시,북내면,북내면
경기,여주시,북내면,상교리
경기,여주시,북내면,서원리
경기,여주시,북내면,석우리
경기,여주시,북내면,신남리
경기,여주시,북내면,신접리
경기,여주시,북내면,외룡리
경기,여주시,북내면,운촌리
경기,여주시,북내면,장암리
경기,여주시,북내면,주암리
경기,여주시,북내면,중암리
경기,여주시,북내면,지내리
경기,여주시,산북면,명품리
경기,여주시,산북면,백자리
경기,여주시,산북면,산북면
경기,여주시,산북면,상품리
경기,여주시,산북면,송현리
경기,여주시,산북면,용담리
경기,여주시,산북면,주어리
경기,여주시,산북면,후리
경기,여주시,세종대왕면,광대리
경기,여주시,세종대왕면,구양리
경기,여주시,세종대왕면,내양리
경기,여주시,세종대왕면,마래리
경기,여주시,세종대왕면,매류리
경기,여주시,세종대왕면,매화리
경기,여주시,세종대왕면,백석리
경기,여주시,세종대왕면,번도리
경기,여주시,세종대왕면,세종대왕면
경기,여주시,세종대왕면,신지리
경기,여주시,세종대왕면,양거리
경기,여주시,세종대왕면,오계리
경기,여주시,세종대왕면,왕대리
경기,여주시,세종대왕면,용은리
경기,여주시,여주시,여주시
경기,여주시,여흥동,능현동
경기,여주시,여흥동,단현동
경기,여주시,여흥동,매룡동
경기,여주시,여흥동,멱곡동
경기,여주시,여흥동,삼교동
경기,여주시,여흥동,상거동
경기,여주시,여흥동,상동
경기,여주시,여흥동,신진동
경기,여주시,여흥동,연양동
경기,여주시,여흥동,우만동
경기,여주시,여흥동,점봉동
경기,여주시,여흥동,하거동
경기,여주시,여흥동,홍문동
경기,여주시,오학동,오금동
경기,여주시,오학동,오학동
경기,여주시,오학동,천송동
경기,여주시,오학동,현암동
경기,여주시,점동면,관한리
경기,여주시,점동면,뇌곡리
경기,여주시,점동면,당진리
경기,여주시,점동면,덕평리
경기,여주시,점동면,도리
경기,여주시,점동면,부구리
경기,여주시,점동면,사곡리
경기,여주시,점동면,삼합리
경기,여주시,점동면,성신리
경기,여주시,점동면,원부리
경기,여주시,점동면,장안리
경기,여주시,점동면,점동면
경기,여주시,점동면,처리
경기,여주시,점동면,청안리
경기,여주시,점동면,현수리
경기,여주시,점동면,흔암리
경기,여주시,중앙동,가업동
경기,여주시,중앙동,교동
경기,여주시,중앙동,연라동
경기,여주시,중앙동,월송동
경기,여주시,중앙동,창동
경기,여주시,중앙동,하동
경기,여주시,흥천면,계신리
경기,여주시,흥천면,귀백리
경기,여주시,흥천면,내사리
경기,여주시,흥천면,다대리
경기,여주시,흥천면,대당리
경기,여주시,흥천면,문장리
경기,여주시,흥천면,복대리
경기,여주시,흥천면,상대리
경기,여주시,흥천면,상백리
경기,여주시,흥천면,신근리
경기,여주시,흥천면,외사리
경기,여주시,흥천면,율극리
경기,여주시,흥천면,하다리
경기,여주시,흥천면,효지리
경기,여주시,흥천면,흥천면
경기,연천군,군남면,군남면
경기,연천군,군남면,남계리
경기,연천군,군남면,삼거리
경기,연천군,군남면,선곡리
경기,연천군,군남면,옥계리
경기,연천군,군남면,왕림리
경기,연천군,군남면,진상리
경기,연천군,군남면,황지리
경기,연천군,미산면,광동리
경기,연천군,미산면,동이리
경기,연천군,미산면,마전리
경기,연천군,미산면,미산면
경기,연천군,미산면,백석리
경기,연천군,미산면,삼화리
경기,연천군,미산면,아미리
경기,연천군,미산면,우정리
경기,연천군,미산면,유촌리
경기,연천군,백학면,갈현리
경기,연천군,백학면,고읍리
경기,연천군,백학면,구미리
경기,연천군,백학면,노곡리
경기,연천군,백학면,두매리
경기,연천군,백학면,두일리
경기,연천군,백학면,두현리
경기,연천군,백학면,매현리
경기,연천군,백학면,백령리
경기,연천군,백학면,백학면
경기,연천군,백학면,사시리
경기,연천군,백학면,상리
경기,연천군,백학면,석장리
경기,연천군,백학면,석주원리
경기,연천군,백학면,오음리
경기,연천군,백학면,전동리
경기,연천군,백학면,중리
경기,연천군,백학면,통구리
경기,연천군,백학면,포춘리
경기,연천군,백학면,하리
경기,연천군,백학면,학곡리
경기,연천군,백학면,항동리
경기,연천군,신서면,갈현리
경기,연천군,신서면,내산리
경기,연천군,신서면,답곡리
경기,연천군,신서면,대광리
경기,연천군,신서면,덕산리
경기,연천군,신서면,도밀리
경기,연천군,신서면,도신리
경기,연천군,신서면,마전리
경기,연천군,신서면,승양리
경기,연천군,신서면,신서면
경기,연천군,신서면,신현리
경기,연천군,연천군,연천군
경기,연천군,연천읍,고문리
경기,연천군,연천읍,동막리
경기,연천군,연천읍,부곡리
경기,연천군,연천읍,상리
경기,연천군,연천읍,연천읍
경기,연천군,연천읍,옥산리
경기,연천군,연천읍,와초리
경기,연천군,연천읍,읍내리
경기,연천군,연천읍,차탄리
경기,연천군,연천읍,통현리
경기,연천군,연천읍,현가리
경기,연천군,왕징면,가천리
경기,연천군,왕징면,강내리
경기,연천군,왕징면,강서리
경기,연천군,왕징면,고왕리
경기,연천군,왕징면,고잔상리
경기,연천군,왕징면,고잔하리
경기,연천군,왕징면,고장리
경기,연천군,왕징면,귀존리
경기,연천군,왕징면,기곡리
경기,연천군,왕징면,냉정리
경기,연천군,왕징면,노동리
경기,연천군,왕징면,동중리
경기,연천군,왕징면,무등리
경기,연천군,왕징면,북삼리
경기,연천군,왕징면,오탄리
경기,연천군,왕징면,왕징면
경기,연천군,왕징면,임강리
경기,연천군,왕징면,작동리
경기,연천군,왕징면,장학리
경기,연천군,장남면,고랑포리
경기,연천군,장남면,반정리
경기,연천군,장남면,원당리
경기,연천군,장남면,자작리
경기,연천군,장남면,장남면
경기,연천군,장남면,판부리
경기,연천군,전곡읍,간파리
경기,연천군,전곡읍,고능리
경기,연천군,전곡읍,늘목리
경기,연천군,전곡읍,마포리
경기,연천군,전곡읍,신답리
경기,연천군,전곡읍,양원리
경기,연천군,전곡읍,은대리
경기,연천군,전곡읍,전곡리
경기,연천군,전곡읍,전곡읍
경기,연천군,중면,도연리
경기,연천군,중면,마거리
경기,연천군,중면,삼곶리
경기,연천군,중면,어적산리
경기,연천군,중면,적거리
경기,연천군,중면,적동산리
경기,연천군,중면,적음리
경기,연천군,중면,중면
경기,연천군,중면,중사리
경기,연천군,중면,진곡리
경기,연천군,중면,합수리
경기,연천군,중면,횡산리
경기,연천군,청산면,궁평리
경기,연천군,청산면,대전리
경기,연천군,청산면,백의리
경기,연천군,청산면,장탄리
경기,연천군,청산면,청산면
경기,연천군,청산면,초성리
경기,오산시,남촌동,가수동
경기,오산시,남촌동,가장동
경기,오산시,남촌동,갈곶동
경기,오산시,남촌동,궐동
경기,오산시,남촌동,누읍동
경기,오산시,남촌동,오산동
경기,오산시,남촌동,청학동
경기,오산시,대원1동,갈곶동
경기,오산시,대원1동,고현동
경기,오산시,대원1동,오산동
경기,오산시,대원1동,원동
경기,오산시,대원2동,갈곶동
경기,오산시,대원2동,고현동
경기,오산시,대원2동,부산동
경기,오산시,대원2동,오산동
경기,오산시,대원2동,원동
경기,오산시,대원2동,청호동
경기,오산시,세마동,서랑동
경기,오산시,세마동,세교동
경기,오산시,세마동,양산동
경기,오산시,세마동,외삼미동
경기,오산시,세마동,지곶동
경기,오산시,신장1동,궐동
경기,오산시,신장1동,금암동
경기,오산시,신장1동,내삼미동
경기,오산시,신장1동,수청동
경기,오산시,신장2동,궐동
경기,오산시,신장2동,내삼미동
경기,오산시,신장2동,수청동
경기,오산시,신장2동,은계동
경기,오산시,오산시,오산시
경기,오산시,중앙동,부산동
경기,오산시,중앙동,오산동
경기,오산시,중앙동,은계동
경기,오산시,초평동,가수동
경기,오산시,초평동,누읍동
경기,오산시,초평동,두곡동
경기,오산시,초평동,벌음동
경기,오산시,초평동,서동
경기,오산시,초평동,탑동
경기,용인시,구갈동,구갈동
경기,용인시,구성동,언남동
경기,용인시,구성동,청덕동
경기,용인시,기흥동,고매동
경기,용인시,기흥동,공세동
경기,용인시,남사읍,남사읍
경기,용인시,남사읍,방아리
경기,용인시,남사읍,봉명리
경기,용인시,남사읍,봉무리
경기,용인시,남사읍,북리
경기,용인시,남사읍,아곡리
경기,용인시,남사읍,완장리
경기,용인시,남사읍,원암리
경기,용인시,남사읍,전궁리
경기,용인시,남사읍,진목리
경기,용인시,남사읍,창리
경기,용인시,남사읍,통삼리
경기,용인시,동백1동,동백동
경기,용인시,동백2동,중동
경기,용인시,동백3동,동백동
경기,용인시,동백3동,중동
경기,용인시,동부동,마평동
경기,용인시,동부동,운학동
경기,용인시,동부동,해곡동
경기,용인시,동부동,호동
경기,용인시,동천동,고기동
경기,용인시,동천동,동천동
경기,용인시,마북동,마북동
경기,용인시,모현읍,갈담리
경기,용인시,모현읍,능원리
경기,용인시,모현읍,동림리
경기,용인시,모현읍,매산리
경기,용인시,모현읍,모현읍
경기,용인시,모현읍,오산리
경기,용인시,모현읍,왕산리
경기,용인시,모현읍,일산리
경기,용인시,모현읍,초부리
경기,용인시,백암면,가좌리
경기,용인시,백암면,가창리
경기,용인시,백암면,고안리
경기,용인시,백암면,근곡리
경기,용인시,백암면,근삼리
경기,용인시,백암면,근창리
경기,용인시,백암면,박곡리
경기,용인시,백암면,백봉리
경기,용인시,백암면,백암리
경기,용인시,백암면,백암면
경기,용인시,백암면,석천리
경기,용인시,백암면,옥산리
경기,용인시,백암면,용천리
경기,용인시,백암면,장평리
경기,용인시,보라동,보라동
경기,용인시,보라동,지곡동
경기,용인시,보정동,보정동
경기,용인시,삼가동,삼가동
경기,용인시,상갈동,상갈동
경기,용인시,상하동,상하동
경기,용인시,상현1동,상현동
경기,용인시,상현2동,상현동
경기,용인시,상현3동,상현동
경기,용인시,서농동,농서동
경기,용인시,서농동,서천동
경기,용인시,성복동,성복동
경기,용인시,신갈동,신갈동
경기,용인시,신봉동,신봉동
경기,용인시,양지면,남곡리
경기,용인시,양지면,대대리
경기,용인시,양지면,송문리
경기,용인시,양지면,식금리
경기,용인시,양지면,양지리
경기,용인시,양지면,양지면
경기,용인시,양지면,정수리
경기,용인시,양지면,제일리
경기,용인시,양지면,주북리
경기,용인시,양지면,추계리
경기,용인시,양지면,평창리
경기,용인시,역북동,역북동
경기,용인시,영덕1동,영덕동
경기,용인시,영덕2동,영덕동
경기,용인시,영덕2동,하갈동
경기,용인시,용인시,용인시
경기,용인시,용인시 기흥구,용인시기흥구
경기,용인시,용인시 수지구,용인시수지구
경기,용인시,용인시 처인구,용인시처인구
경기,용인시,원삼면,가재월리
경기,용인시,원삼면,고당리
경기,용인시,원삼면,독성리
경기,용인시,원삼면,두창리
경기,용인시,원삼면,맹리
경기,용인시,원삼면,목신리
경기,용인시,원삼면,문촌리
경기,용인시,원삼면,미평리
경기,용인시,원삼면,사암리
경기,용인시,원삼면,원삼면
경기,용인시,원삼면,좌항리
경기,용인시,원삼면,죽능리
경기,용인시,원삼면,학일리
경기,용인시,유림동,고림동
경기,용인시,유림동,유방동
경기,용인시,이동읍,덕성리
경기,용인시,이동읍,묘봉리
경기,용인시,이동읍,묵리
경기,용인시,이동읍,서리
경기,용인시,이동읍,송전리
경기,용인시,이동읍,시미리
경기,용인시,이동읍,어비리
경기,용인시,이동읍,이동읍
경기,용인시,이동읍,천리
경기,용인시,이동읍,화산리
경기,용인시,죽전1동,죽전동
경기,용인시,죽전2동,죽전동
경기,용인시,죽전3동,죽전동
경기,용인시,중앙동,김량장동
경기,용인시,중앙동,남동
경기,용인시,포곡읍,가실리
경기,용인시,포곡읍,금어리
경기,용인시,포곡읍,둔전리
경기,용인시,포곡읍,마성리
경기,용인시,포곡읍,삼계리
경기,용인시,포곡읍,신원리
경기,용인시,포곡읍,영문리
경기,용인시,포곡읍,유운리
경기,용인시,포곡읍,전대리
경기,용인시,포곡읍,포곡읍
경기,용인시,풍덕천1동,풍덕천동
경기,용인시,풍덕천2동,풍덕천동
경기,의왕시,고천동,고천동
경기,의왕시,고천동,오전동
경기,의왕시,고천동,왕곡동
경기,의왕시,내손1동,내손동
경기,의왕시,내손2동,내손동
경기,의왕시,내손2동,포일동
경기,의왕시,부곡동,삼동
경기,의왕시,부곡동,월암동
경기,의왕시,부곡동,이동
경기,의왕시,부곡동,초평동
경기,의왕시,오전동,오전동
경기,의왕시,의왕시,의왕시
경기,의왕시,청계동,내손동
경기,의왕시,청계동,청계동
경기,의왕시,청계동,포일동
경기,의왕시,청계동,학의동
경기,의정부시,가능동,가능동
경기,의정부시,가능동,의정부동
경기,의정부시,고산동,고산동
경기,의정부시,고산동,산곡동
경기,의정부시,녹양동,녹양동
경기,의정부시,송산1동,용현동
경기,의정부시,송산2동,민락동
경기,의정부시,송산3동,낙양동
경기,의정부시,송산3동,민락동
경기,의정부시,신곡1동,신곡동
경기,의정부시,신곡2동,신곡동
경기,의정부시,의정부1동,가능동
경기,의정부시,의정부1동,의정부동
경기,의정부시,의정부1동,호원동
경기,의정부시,의정부2동,가능동
경기,의정부시,의정부2동,의정부동
경기,의정부시,의정부시,의정부시
경기,의정부시,자금동,금오동
경기,의정부시,자금동,자일동
경기,의정부시,장암동,장암동
경기,의정부시,호원1동,호원동
경기,의정부시,호원2동,호원동
경기,의정부시,흥선동,가능동
경기,의정부시,흥선동,의정부동
경기,이천시,관고동,관고동
경기,이천시,관고동,사음동
경기,이천시,대월면,구시리
경기,이천시,대월면,군량리
경기,이천시,대월면,대대리
경기,이천시,대월면,대월면
경기,이천시,대월면,대흥리
경기,이천시,대월면,도리리
경기,이천시,대월면,부필리
경기,이천시,대월면,사동리
경기,이천시,대월면,송라리
경기,이천시,대월면,장평리
경기,이천시,대월면,초지리
경기,이천시,마장면,각평리
경기,이천시,마장면,관리
경기,이천시,마장면,덕평리
경기,이천시,마장면,마장면
경기,이천시,마장면,목리
경기,이천시,마장면,양촌리
경기,이천시,마장면,오천리
경기,이천시,마장면,이치리
경기,이천시,마장면,이평리
경기,이천시,마장면,작촌리
경기,이천시,마장면,장암리
경기,이천시,마장면,표교리
경기,이천시,마장면,해월리
경기,이천시,마장면,회억리
경기,이천시,모가면,두미리
경기,이천시,모가면,모가면
경기,이천시,모가면,산내리
경기,이천시,모가면,서경리
경기,이천시,모가면,소고리
경기,이천시,모가면,소사리
경기,이천시,모가면,송곡리
경기,이천시,모가면,신갈리
경기,이천시,모가면,양평리
경기,이천시,모가면,어농리
경기,이천시,모가면,원두리
경기,이천시,모가면,진가리
경기,이천시,백사면,경사리
경기,이천시,백사면,내촌리
경기,이천시,백사면,도립리
경기,이천시,백사면,도지리
경기,이천시,백사면,모전리
경기,이천시,백사면,백사면
경기,이천시,백사면,백우리
경기,이천시,백사면,상용리
경기,이천시,백사면,송말리
경기,이천시,백사면,신대리
경기,이천시,백사면,우곡리
경기,이천시,백사면,조읍리
경기,이천시,백사면,현방리
경기,이천시,부발읍,가산리
경기,이천시,부발읍,가좌리
경기,이천시,부발읍,고백리
경기,이천시,부발읍,대관리
경기,이천시,부발읍,마암리
경기,이천시,부발읍,무촌리
경기,이천시,부발읍,부발읍
경기,이천시,부발읍,산촌리
경기,이천시,부발읍,송온리
경기,이천시,부발읍,수정리
경기,이천시,부발읍,신원리
경기,이천시,부발읍,신하리
경기,이천시,부발읍,아미리
경기,이천시,부발읍,응암리
경기,이천시,부발읍,죽당리
경기,이천시,설성면,금당리
경기,이천시,설성면,대죽리
경기,이천시,설성면,상봉리
경기,이천시,설성면,설성면
경기,이천시,설성면,송계리
경기,이천시,설성면,수산리
경기,이천시,설성면,신필리
경기,이천시,설성면,암산리
경기,이천시,설성면,자석리
경기,이천시,설성면,장능리
경기,이천시,설성면,장천리
경기,이천시,설성면,제요리
경기,이천시,설성면,행죽리
경기,이천시,신둔면,고척리
경기,이천시,신둔면,남정리
경기,이천시,신둔면,도봉리
경기,이천시,신둔면,도암리
경기,이천시,신둔면,마교리
경기,이천시,신둔면,소정리
경기,이천시,신둔면,수광리
경기,이천시,신둔면,수남리
경기,이천시,신둔면,수하리
경기,이천시,신둔면,신둔면
경기,이천시,신둔면,용면리
경기,이천시,신둔면,인후리
경기,이천시,신둔면,장동리
경기,이천시,신둔면,지석리
경기,이천시,율면,고당리
경기,이천시,율면,본죽리
경기,이천시,율면,북두리
경기,이천시,율면,산성리
경기,이천시,율면,산양리
경기,이천시,율면,석산리
경기,이천시,율면,신추리
경기,이천시,율면,오성리
경기,이천시,율면,월포리
경기,이천시,율면,율면
경기,이천시,율면,총곡리
경기,이천시,이천시,이천시
경기,이천시,장호원읍,나래리
경기,이천시,장호원읍,노탑리
경기,이천시,장호원읍,대서리
경기,이천시,장호원읍,방추리
경기,이천시,장호원읍,선읍리
경기,이천시,장호원읍,송산리
경기,이천시,장호원읍,어석리
경기,이천시,장호원읍,오남리
경기,이천시,장호원읍,와현리
경기,이천시,장호원읍,이황리
경기,이천시,장호원읍,장호원리
경기,이천시,장호원읍,장호원읍
경기,이천시,장호원읍,진암리
경기,이천시,장호원읍,풍계리
경기,이천시,중리동,고담동
경기,이천시,중리동,단월동
경기,이천시,중리동,대포동
경기,이천시,중리동,율현동
경기,이천시,중리동,장록동
경기,이천시,중리동,중리동
경기,이천시,중리동,증일동
경기,이천시,중리동,진리동
경기,이천시,증포동,갈산동
경기,이천시,증포동,송정동
경기,이천시,증포동,안흥동
경기,이천시,증포동,증포동
경기,이천시,창전동,창전동
경기,이천시,호법면,단천리
경기,이천시,호법면,동산리
경기,이천시,호법면,매곡리
경기,이천시,호법면,송갈리
경기,이천시,호법면,안평리
경기,이천시,호법면,유산리
경기,이천시,호법면,주미리
경기,이천시,호법면,주박리
경기,이천시,호법면,호법면
경기,이천시,호법면,후안리
경기,파주시,광탄면,광탄면
경기,파주시,광탄면,기산리
경기,파주시,광탄면,마장리
경기,파주시,광탄면,발랑리
경기,파주시,광탄면,방축리
경기,파주시,광탄면,분수리
경기,파주시,광탄면,신산리
경기,파주시,광탄면,영장리
경기,파주시,광탄면,용미리
경기,파주시,광탄면,창만리
경기,파주시,교하동,교하동
경기,파주시,교하동,다율동
경기,파주시,교하동,당하동
경기,파주시,교하동,동패동
경기,파주시,교하동,문발동
경기,파주시,교하동,산남동
경기,파주시,교하동,서패동
경기,파주시,교하동,송촌동
경기,파주시,교하동,신촌동
경기,파주시,교하동,연다산동
경기,파주시,교하동,오도동
경기,파주시,교하동,하지석동
경기,파주시,금촌1동,금릉동
경기,파주시,금촌1동,금촌동
경기,파주시,금촌1동,아동동
경기,파주시,금촌2동,금릉동
경기,파주시,금촌2동,금촌동
경기,파주시,금촌3동,검산동
경기,파주시,금촌3동,금촌동
경기,파주시,금촌3동,맥금동
경기,파주시,금촌3동,아동동
경기,파주시,금촌3동,야동동
경기,파주시,문산읍,내포리
경기,파주시,문산읍,당동리
경기,파주시,문산읍,마정리
경기,파주시,문산읍,문산리
경기,파주시,문산읍,문산읍
경기,파주시,문산읍,사목리
경기,파주시,문산읍,선유리
경기,파주시,문산읍,운천리
경기,파주시,문산읍,이천리
경기,파주시,문산읍,임진리
경기,파주시,문산읍,장산리
경기,파주시,법원읍,가야리
경기,파주시,법원읍,갈곡리
경기,파주시,법원읍,금곡리
경기,파주시,법원읍,대능리
경기,파주시,법원읍,동문리
경기,파주시,법원읍,법원리
경기,파주시,법원읍,법원읍
경기,파주시,법원읍,삼방리
경기,파주시,법원읍,오현리
경기,파주시,법원읍,웅담리
경기,파주시,법원읍,직천리
경기,파주시,운정1동,교하동
경기,파주시,운정1동,당하동
경기,파주시,운정1동,와동동
경기,파주시,운정2동,목동동
경기,파주시,운정3동,동패동
경기,파주시,운정3동,야당동
경기,파주시,운정4동,상지석동
경기,파주시,운정4동,야당동
경기,파주시,운정5동,다율동
경기,파주시,운정5동,동패동
경기,파주시,운정5동,목동동
경기,파주시,운정5동,문발동
경기,파주시,운정5동,신촌동
경기,파주시,운정5동,연다산동
경기,파주시,운정6동,다율동
경기,파주시,운정6동,동패동
경기,파주시,운정6동,목동동
경기,파주시,월롱면,능산리
경기,파주시,월롱면,덕은리
경기,파주시,월롱면,도내리
경기,파주시,월롱면,영태리
경기,파주시,월롱면,월롱면
경기,파주시,월롱면,위전리
경기,파주시,장단면,강정리
경기,파주시,장단면,거곡리
경기,파주시,장단면,군내면
경기,파주시,장단면,금릉리
경기,파주시,장단면,노상리
경기,파주시,장단면,노하리
경기,파주시,장단면,덕산리
경기,파주시,장단면,도라산리
경기,파주시,장단면,동장리
경기,파주시,장단면,동파리
경기,파주시,장단면,방목리
경기,파주시,장단면,백연리
경기,파주시,장단면,서곡리
경기,파주시,장단면,석곶리
경기,파주시,장단면,선적리
경기,파주시,장단면,송산리
경기,파주시,장단면,어룡리
경기,파주시,장단면,용산리
경기,파주시,장단면,읍내리
경기,파주시,장단면,장단면
경기,파주시,장단면,점원리
경기,파주시,장단면,정동리
경기,파주시,장단면,정자리
경기,파주시,장단면,조산리
경기,파주시,장단면,진동면
경기,파주시,장단면,진서면
경기,파주시,장단면,초리
경기,파주시,장단면,하포리
경기,파주시,적성면,가월리
경기,파주시,적성면,객현리
경기,파주시,적성면,구읍리
경기,파주시,적성면,답곡리
경기,파주시,적성면,두지리
경기,파주시,적성면,마지리
경기,파주시,적성면,무건리
경기,파주시,적성면,설마리
경기,파주시,적성면,식현리
경기,파주시,적성면,어유지리
경기,파주시,적성면,율포리
경기,파주시,적성면,자장리
경기,파주시,적성면,장좌리
경기,파주시,적성면,장현리
경기,파주시,적성면,적성면
경기,파주시,적성면,적암리
경기,파주시,적성면,주월리
경기,파주시,조리읍,뇌조리
경기,파주시,조리읍,능안리
경기,파주시,조리읍,대원리
경기,파주시,조리읍,등원리
경기,파주시,조리읍,봉일천리
경기,파주시,조리읍,오산리
경기,파주시,조리읍,장곡리
경기,파주시,조리읍,조리읍
경기,파주시,탄현면,갈현리
경기,파주시,탄현면,금산리
경기,파주시,탄현면,금승리
경기,파주시,탄현면,낙하리
경기,파주시,탄현면,대동리
경기,파주시,탄현면,만우리
경기,파주시,탄현면,문지리
경기,파주시,탄현면,법흥리
경기,파주시,탄현면,성동리
경기,파주시,탄현면,오금리
경기,파주시,탄현면,축현리
경기,파주시,탄현면,탄현면
경기,파주시,파주시,파주시
경기,파주시,파주읍,백석리
경기,파주시,파주읍,봉서리
경기,파주시,파주읍,봉암리
경기,파주시,파주읍,부곡리
경기,파주시,파주읍,연풍리
경기,파주시,파주읍,파주리
경기,파주시,파주읍,파주읍
경기,파주시,파주읍,향양리
경기,파주시,파평면,금파리
경기,파주시,파평면,눌노리
경기,파주시,파평면,덕천리
경기,파주시,파평면,두포리
경기,파주시,파평면,마산리
경기,파주시,파평면,율곡리
경기,파주시,파평면,장파리
경기,파주시,파평면,파평면
경기,평택시,고덕동,고덕동
경기,평택시,고덕면,고덕면
경기,평택시,고덕면,궁리
경기,평택시,고덕면,당현리
경기,평택시,고덕면,동고리
경기,평택시,고덕면,동청리
경기,평택시,고덕면,두릉리
경기,평택시,고덕면,문곡리
경기,평택시,고덕면,방축리
경기,평택시,고덕면,여염리
경기,평택시,고덕면,좌교리
경기,평택시,고덕면,해창리
경기,평택시,동삭동,동삭동
경기,평택시,동삭동,칠원동
경기,평택시,비전1동,비전동
경기,평택시,비전1동,월곡동
경기,평택시,비전1동,죽백동
경기,평택시,비전1동,청룡동
경기,평택시,비전2동,비전동
경기,평택시,비전2동,소사동
경기,평택시,비전2동,용이동
경기,평택시,서정동,서정동
경기,평택시,서탄면,금각리
경기,평택시,서탄면,금암리
경기,평택시,서탄면,내천리
경기,평택시,서탄면,마두리
경기,평택시,서탄면,사리
경기,평택시,서탄면,서탄면
경기,평택시,서탄면,수월암리
경기,평택시,서탄면,장등리
경기,평택시,서탄면,적봉리
경기,평택시,서탄면,황구지리
경기,평택시,서탄면,회화리
경기,평택시,세교동,동삭동
경기,평택시,세교동,세교동
경기,평택시,세교동,신대동
경기,평택시,세교동,지제동
경기,평택시,송북동,독곡동
경기,평택시,송북동,신장동
경기,평택시,송북동,지산동
경기,평택시,송탄동,가재동
경기,평택시,송탄동,도일동
경기,평택시,송탄동,모곡동
경기,평택시,송탄동,장안동
경기,평택시,송탄동,칠괴동
경기,평택시,송탄동,칠원동
경기,평택시,신장1동,신장동
경기,평택시,신장2동,신장동
경기,평택시,신평동,유천동
경기,평택시,신평동,평택동
경기,평택시,신평동,합정동
경기,평택시,안중읍,금곡리
경기,평택시,안중읍,대반리
경기,평택시,안중읍,덕우리
경기,평택시,안중읍,삼정리
경기,평택시,안중읍,성해리
경기,평택시,안중읍,송담리
경기,평택시,안중읍,안중리
경기,평택시,안중읍,안중읍
경기,평택시,안중읍,용성리
경기,평택시,안중읍,학현리
경기,평택시,안중읍,현화리
경기,평택시,오성면,교포리
경기,평택시,오성면,길음리
경기,평택시,오성면,당거리
경기,평택시,오성면,숙성리
경기,평택시,오성면,신리
경기,평택시,오성면,안화리
경기,평택시,오성면,양교리
경기,평택시,오성면,오성면
경기,평택시,오성면,죽리
경기,평택시,오성면,창내리
경기,평택시,용이동,용이동
경기,평택시,원평동,군문동
경기,평택시,원평동,신대동
경기,평택시,원평동,통복동
경기,평택시,원평동,평택동
경기,평택시,중앙동,서정동
경기,평택시,중앙동,이충동
경기,평택시,중앙동,장당동
경기,평택시,지산동,신장동
경기,평택시,지산동,지산동
경기,평택시,진위면,가곡리
경기,평택시,진위면,갈곶리
경기,평택시,진위면,견산리
경기,평택시,진위면,고현리
경기,평택시,진위면,동천리
경기,평택시,진위면,마산리
경기,평택시,진위면,봉남리
경기,평택시,진위면,신리
경기,평택시,진위면,야막리
경기,평택시,진위면,은산리
경기,평택시,진위면,진위면
경기,평택시,진위면,청호리
경기,평택시,진위면,하북리
경기,평택시,청북읍,고렴리
경기,평택시,청북읍,고잔리
경기,평택시,청북읍,백봉리
경기,평택시,청북읍,삼계리
경기,평택시,청북읍,어소리
경기,평택시,청북읍,어연리
경기,평택시,청북읍,옥길리
경기,평택시,청북읍,율북리
경기,평택시,청북읍,청북읍
경기,평택시,청북읍,토진리
경기,평택시,청북읍,한산리
경기,평택시,청북읍,현곡리
경기,평택시,청북읍,후사리
경기,평택시,통복동,동삭동
경기,평택시,통복동,비전동
경기,평택시,통복동,세교동
경기,평택시,통복동,통복동
경기,평택시,팽성읍,객사리
경기,평택시,팽성읍,근내리
경기,평택시,팽성읍,남산리
경기,평택시,팽성읍,내리
경기,평택시,팽성읍,노성리
경기,평택시,팽성읍,노양리
경기,평택시,팽성읍,노와리
경기,평택시,팽성읍,대사리
경기,평택시,팽성읍,대추리
경기,평택시,팽성읍,도두리
경기,평택시,팽성읍,동창리
경기,평택시,팽성읍,두리
경기,평택시,팽성읍,두정리
경기,평택시,팽성읍,본정리
경기,평택시,팽성읍,석근리
경기,평택시,팽성읍,석봉리
경기,평택시,팽성읍,송화리
경기,평택시,팽성읍,신궁리
경기,평택시,팽성읍,신대리
경기,평택시,팽성읍,신호리
경기,평택시,팽성읍,안정리
경기,평택시,팽성읍,원정리
경기,평택시,팽성읍,추팔리
경기,평택시,팽성읍,팽성읍
경기,평택시,팽성읍,평궁리
경기,평택시,팽성읍,함정리
경기,평택시,평택시,평택시
경기,평택시,포승읍,내기리
경기,평택시,포승읍,도곡리
경기,평택시,포승읍,만호리
경기,평택시,포승읍,방림리
경기,평택시,포승읍,석정리
경기,평택시,포승읍,신영리
경기,평택시,포승읍,원정리
경기,평택시,포승읍,포승읍
경기,평택시,포승읍,홍원리
경기,평택시,포승읍,희곡리
경기,평택시,현덕면,권관리
경기,평택시,현덕면,기산리
경기,평택시,현덕면,대안리
경기,평택시,현덕면,덕목리
경기,평택시,현덕면,도대리
경기,평택시,현덕면,방축리
경기,평택시,현덕면,신왕리
경기,평택시,현덕면,운정리
경기,평택시,현덕면,인광리
경기,평택시,현덕면,장수리
경기,평택시,현덕면,현덕면
경기,평택시,현덕면,화양리
경기,평택시,현덕면,황산리
경기,포천시,가산면,가산리
경기,포천시,가산면,가산면
경기,포천시,가산면,감암리
경기,포천시,가산면,금현리
경기,포천시,가산면,마산리
경기,포천시,가산면,마전리
경기,포천시,가산면,방축리
경기,포천시,가산면,우금리
경기,포천시,가산면,정교리
경기,포천시,관인면,관인면
경기,포천시,관인면,냉정리
경기,포천시,관인면,사정리
경기,포천시,관인면,삼율리
경기,포천시,관인면,중리
경기,포천시,관인면,초과리
경기,포천시,관인면,탄동리
경기,포천시,군내면,구읍리
경기,포천시,군내면,군내면
경기,포천시,군내면,명산리
경기,포천시,군내면,상성북리
경기,포천시,군내면,용정리
경기,포천시,군내면,유교리
경기,포천시,군내면,좌의리
경기,포천시,군내면,직두리
경기,포천시,군내면,하성북리
경기,포천시,내촌면,내리
경기,포천시,내촌면,내촌면
경기,포천시,내촌면,마명리
경기,포천시,내촌면,소학리
경기,포천시,내촌면,신팔리
경기,포천시,내촌면,음현리
경기,포천시,내촌면,진목리
경기,포천시,선단동,동교동
경기,포천시,선단동,선단동
경기,포천시,선단동,설운동
경기,포천시,선단동,자작동
경기,포천시,소흘읍,고모리
경기,포천시,소흘읍,무림리
경기,포천시,소흘읍,무봉리
경기,포천시,소흘읍,소흘읍
경기,포천시,소흘읍,송우리
경기,포천시,소흘읍,이가팔리
경기,포천시,소흘읍,이곡리
경기,포천시,소흘읍,이동교리
경기,포천시,소흘읍,직동리
경기,포천시,소흘읍,초가팔리
경기,포천시,신북면,가채리
경기,포천시,신북면,갈월리
경기,포천시,신북면,계류리
경기,포천시,신북면,고일리
경기,포천시,신북면,금동리
경기,포천시,신북면,기지리
경기,포천시,신북면,덕둔리
경기,포천시,신북면,만세교리
경기,포천시,신북면,삼성당리
경기,포천시,신북면,삼정리
경기,포천시,신북면,신북면
경기,포천시,신북면,신평리
경기,포천시,신북면,심곡리
경기,포천시,영북면,대회산리
경기,포천시,영북면,문암리
경기,포천시,영북면,산정리
경기,포천시,영북면,소회산리
경기,포천시,영북면,야미리
경기,포천시,영북면,영북면
경기,포천시,영북면,운천리
경기,포천시,영북면,자일리
경기,포천시,영중면,거사리
경기,포천시,영중면,금주리
경기,포천시,영중면,성동리
경기,포천시,영중면,양문리
경기,포천시,영중면,영송리
경기,포천시,영중면,영중면
경기,포천시,영중면,영평리
경기,포천시,이동면,노곡리
경기,포천시,이동면,도평리
경기,포천시,이동면,연곡리
경기,포천시,이동면,이동면
경기,포천시,이동면,장암리
경기,포천시,일동면,기산리
경기,포천시,일동면,길명리
경기,포천시,일동면,사직리
경기,포천시,일동면,수입리
경기,포천시,일동면,유동리
경기,포천시,일동면,일동면
경기,포천시,일동면,화대리
경기,포천시,창수면,가양리
경기,포천시,창수면,고소성리
경기,포천시,창수면,신흥리
경기,포천시,창수면,오가리
경기,포천시,창수면,운산리
경기,포천시,창수면,주원리
경기,포천시,창수면,창수면
경기,포천시,창수면,추동리
경기,포천시,포천동,신읍동
경기,포천시,포천동,어룡동
경기,포천시,포천시,포천시
경기,포천시,화현면,명덕리
경기,포천시,화현면,지현리
경기,포천시,화현면,화현리
경기,포천시,화현면,화현면
경기,하남시,감북동,감북동
경기,하남시,감북동,감일동
경기,하남시,감북동,광암동
경기,하남시,감일동,감이동
경기,하남시,감일동,감일동
경기,하남시,덕풍1동,덕풍동
경기,하남시,덕풍2동,덕풍동
경기,하남시,덕풍3동,덕풍동
경기,하남시,미사1동,망월동
경기,하남시,미사1동,미사동
경기,하남시,미사2동,망월동
경기,하남시,미사2동,선동
경기,하남시,미사3동,풍산동
경기,하남시,신장1동,신장동
경기,하남시,신장2동,당정동
경기,하남시,신장2동,신장동
경기,하남시,신장2동,창우동
경기,하남시,위례동,감이동
경기,하남시,위례동,학암동
경기,하남시,천현동,배알미동
경기,하남시,천현동,상산곡동
경기,하남시,천현동,창우동
경기,하남시,천현동,천현동
경기,하남시,천현동,하산곡동
경기,하남시,초이동,광암동
경기,하남시,초이동,초이동
경기,하남시,초이동,초일동
경기,하남시,춘궁동,교산동
경기,하남시,춘궁동,상사창동
경기,하남시,춘궁동,춘궁동
경기,하남시,춘궁동,하사창동
경기,하남시,춘궁동,항동
경기,하남시,하남시,하남시
경기,화성시,기배동,기안동
경기,화성시,기배동,배양동
경기,화성시,남양읍,남양리
경기,화성시,남양읍,남양읍
경기,화성시,남양읍,무송리
경기,화성시,남양읍,문호리
경기,화성시,남양읍,북양리
경기,화성시,남양읍,송림리
경기,화성시,남양읍,수화리
경기,화성시,남양읍,시리
경기,화성시,남양읍,신남리
경기,화성시,남양읍,신외리
경기,화성시,남양읍,안석리
경기,화성시,남양읍,온석리
경기,화성시,남양읍,원천리
경기,화성시,남양읍,장덕리
경기,화성시,남양읍,장전리
경기,화성시,남양읍,활초리
경기,화성시,동탄1동,반송동
경기,화성시,동탄1동,석우동
경기,화성시,동탄2동,반송동
경기,화성시,동탄3동,능동
경기,화성시,동탄4동,청계동
경기,화성시,동탄5동,영천동
경기,화성시,동탄5동,중동
경기,화성시,동탄6동,금곡동
경기,화성시,동탄6동,방교동
경기,화성시,동탄6동,오산동
경기,화성시,동탄7동,산척동
경기,화성시,동탄7동,송동
경기,화성시,동탄8동,장지동
경기,화성시,동탄9동,목동
경기,화성시,동탄9동,신동
경기,화성시,마도면,고모리
경기,화성시,마도면,금당리
경기,화성시,마도면,두곡리
경기,화성시,마도면,마도면
경기,화성시,마도면,백곡리
경기,화성시,마도면,석교리
경기,화성시,마도면,송정리
경기,화성시,마도면,슬항리
경기,화성시,마도면,쌍송리
경기,화성시,마도면,청원리
경기,화성시,마도면,해문리
경기,화성시,매송면,매송면
경기,화성시,매송면,송라리
경기,화성시,매송면,숙곡리
경기,화성시,매송면,야목리
경기,화성시,매송면,어천리
경기,화성시,매송면,원리
경기,화성시,매송면,원평리
경기,화성시,매송면,천천리
경기,화성시,반월동,반월동
경기,화성시,병점1동,병점동
경기,화성시,병점2동,병점동
경기,화성시,봉담읍,내리
경기,화성시,봉담읍,당하리
경기,화성시,봉담읍,덕리
경기,화성시,봉담읍,덕우리
경기,화성시,봉담읍,동화리
경기,화성시,봉담읍,마하리
경기,화성시,봉담읍,봉담읍
경기,화성시,봉담읍,분천리
경기,화성시,봉담읍,상기리
경기,화성시,봉담읍,상리
경기,화성시,봉담읍,세곡리
경기,화성시,봉담읍,수기리
경기,화성시,봉담읍,수영리
경기,화성시,봉담읍,와우리
경기,화성시,봉담읍,왕림리
경기,화성시,봉담읍,유리
경기,화성시,봉담읍,하가등리
경기,화성시,비봉면,구포리
경기,화성시,비봉면,남전리
경기,화성시,비봉면,비봉면
경기,화성시,비봉면,삼화리
경기,화성시,비봉면,쌍학리
경기,화성시,비봉면,양노리
경기,화성시,비봉면,유포리
경기,화성시,비봉면,자안리
경기,화성시,비봉면,청요리
경기,화성시,새솔동,새솔동
경기,화성시,서신면,광평리
경기,화성시,서신면,궁평리
경기,화성시,서신면,매화리
경기,화성시,서신면,백미리
경기,화성시,서신면,사곳리
경기,화성시,서신면,상안리
경기,화성시,서신면,서신면
경기,화성시,서신면,송교리
경기,화성시,서신면,용두리
경기,화성시,서신면,장외리
경기,화성시,서신면,전곡리
경기,화성시,서신면,제부리
경기,화성시,서신면,홍법리
경기,화성시,송산면,고정리
경기,화성시,송산면,고포리
경기,화성시,송산면,독지리
경기,화성시,송산면,마산리
경기,화성시,송산면,봉가리
경기,화성시,송산면,사강리
경기,화성시,송산면,삼존리
경기,화성시,송산면,송산면
경기,화성시,송산면,신천리
경기,화성시,송산면,쌍정리
경기,화성시,송산면,용포리
경기,화성시,송산면,육일리
경기,화성시,송산면,중송리
경기,화성시,송산면,지화리
경기,화성시,송산면,천등리
경기,화성시,송산면,칠곡리
경기,화성시,양감면,대양리
경기,화성시,양감면,사창리
경기,화성시,양감면,송산리
경기,화성시,양감면,신왕리
경기,화성시,양감면,양감면
경기,화성시,양감면,요당리
경기,화성시,양감면,용소리
경기,화성시,양감면,정문리
경기,화성시,우정읍,국화리
경기,화성시,우정읍,매향리
경기,화성시,우정읍,멱우리
경기,화성시,우정읍,석천리
경기,화성시,우정읍,우정읍
경기,화성시,우정읍,운평리
경기,화성시,우정읍,원안리
경기,화성시,우정읍,이화리
경기,화성시,우정읍,조암리
경기,화성시,우정읍,주곡리
경기,화성시,우정읍,한각리
경기,화성시,우정읍,호곡리
경기,화성시,우정읍,화산리
경기,화성시,우정읍,화수리
경기,화성시,장안면,금의리
경기,화성시,장안면,노진리
경기,화성시,장안면,덕다리
경기,화성시,장안면,독정리
경기,화성시,장안면,사곡리
경기,화성시,장안면,사랑리
경기,화성시,장안면,석포리
경기,화성시,장안면,수촌리
경기,화성시,장안면,어은리
경기,화성시,장안면,장안리
경기,화성시,장안면,장안면
경기,화성시,정남면,계향리
경기,화성시,정남면,고지리
경기,화성시,정남면,관항리
경기,화성시,정남면,괘랑리
경기,화성시,정남면,귀래리
경기,화성시,정남면,금복리
경기,화성시,정남면,내리
경기,화성시,정남면,덕절리
경기,화성시,정남면,망월리
경기,화성시,정남면,문학리
경기,화성시,정남면,발산리
경기,화성시,정남면,백리
경기,화성시,정남면,보통리
경기,화성시,정남면,수면리
경기,화성시,정남면,신리
경기,화성시,정남면,오일리
경기,화성시,정남면,용수리
경기,화성시,정남면,음양리
경기,화성시,정남면,정남면
경기,화성시,정남면,제기리
경기,화성시,진안동,기산동
경기,화성시,진안동,능동
경기,화성시,진안동,반정동
경기,화성시,진안동,진안동
경기,화성시,팔탄면,가재리
경기,화성시,팔탄면,고주리
경기,화성시,팔탄면,구장리
경기,화성시,팔탄면,기천리
경기,화성시,팔탄면,노하리
경기,화성시,팔탄면,덕우리
경기,화성시,팔탄면,덕천리
경기,화성시,팔탄면,매곡리
경기,화성시,팔탄면,서근리
경기,화성시,팔탄면,월문리
경기,화성시,팔탄면,율암리
경기,화성시,팔탄면,지월리
경기,화성시,팔탄면,창곡리
경기,화성시,팔탄면,팔탄면
경기,화성시,팔탄면,하저리
경기,화성시,팔탄면,해창리
경기,화성시,팔탄면,화당리
경기,화성시,향남읍,갈천리
경기,화성시,향남읍,관리
경기,화성시,향남읍,구문천리
경기,화성시,향남읍,길성리
경기,화성시,향남읍,도이리
경기,화성시,향남읍,동오리
경기,화성시,향남읍,발안리
경기,화성시,향남읍,방축리
경기,화성시,향남읍,백토리
경기,화성시,향남읍,상두리
경기,화성시,향남읍,상신리
경기,화성시,향남읍,송곡리
경기,화성시,향남읍,수직리
경기,화성시,향남읍,요리
경기,화성시,향남읍,장짐리
경기,화성시,향남읍,제암리
경기,화성시,향남읍,증거리
경기,화성시,향남읍,평리
경기,화성시,향남읍,하길리
경기,화성시,향남읍,행정리
경기,화성시,향남읍,향남읍
경기,화성시,향남읍,화리현리
경기,화성시,화산동,송산동
경기,화성시,화산동,안녕동
경기,화성시,화산동,황계동
경기,화성시,화성시,화성시
서울,강남구,강남구,강남구
서울,강남구,개포1동,개포동
서울,강남구,개포2동,개포동
서울,강남구,개포2동,일원동
서울,강남구,개포3동,개포동
서울,강남구,개포3동,대치동
서울,강남구,개포3동,일원동
서울,강남구,개포4동,개포동
서울,강남구,논현1동,논현동
서울,강남구,논현2동,논현동
서울,강남구,대치1동,대치동
서울,강남구,대치2동,대치동
서울,강남구,대치4동,대치동
서울,강남구,도곡1동,도곡동
서울,강남구,도곡2동,도곡동
서울,강남구,삼성1동,삼성동
서울,강남구,삼성2동,삼성동
서울,강남구,세곡동,세곡동
서울,강남구,세곡동,율현동
서울,강남구,세곡동,자곡동
서울,강남구,수서동,수서동
서울,강남구,신사동,신사동
서울,강남구,신사동,압구정동
서울,강남구,압구정동,신사동
서울,강남구,압구정동,압구정동
서울,강남구,역삼1동,역삼동
서울,강남구,역삼2동,역삼동
서울,강남구,일원1동,수서동
서울,강남구,일원1동,일원동
서울,강남구,일원본동,수서동
서울,강남구,일원본동,일원동
서울,강남구,청담동,청담동
서울,강동구,강동구,강동구
서울,강동구,강일동,강일동
서울,강동구,고덕1동,고덕동
서울,강동구,고덕2동,고덕동
서울,강동구,길동,길동
서울,강동구,둔촌1동,둔촌동
서울,강동구,둔촌2동,둔촌동
서울,강동구,명일1동,명일동
서울,강동구,명일2동,명일동
서울,강동구,상일1동,상일동
서울,강동구,상일2동,상일동
서울,강동구,성내1동,성내동
서울,강동구,성내2동,성내동
서울,강동구,성내3동,성내동
서울,강동구,암사1동,암사동
서울,강동구,암사2동,암사동
서울,강동구,암사3동,암사동
서울,강동구,천호1동,천호동
서울,강동구,천호2동,천호동
서울,강동구,천호3동,천호동
서울,강북구,강북구,강북구
서울,강북구,미아동,미아동
서울,강북구,번1동,번동
서울,강북구,번2동,번동
서울,강북구,번3동,번동
서울,강북구,삼각산동,미아동
서울,강북구,삼양동,미아동
서울,강북구,송중동,미아동
서울,강북구,송천동,미아동
서울,강북구,수유1동,수유동
서울,강북구,수유2동,수유동
서울,강북구,수유3동,수유동
서울,강북구,우이동,수유동
서울,강북구,우이동,우이동
서울,강북구,인수동,수유동
서울,강서구,가양1동,가양동
서울,강서구,가양1동,등촌동
서울,강서구,가양1동,마곡동
서울,강서구,가양2동,가양동
서울,강서구,가양3동,가양동
서울,강서구,강서구,강서구
서울,강서구,공항동,공항동
서울,강서구,공항동,과해동
서울,강서구,공항동,마곡동
서울,강서구,공항동,방화동
서울,강서구,공항동,오곡동
서울,강서구,공항동,오쇠동
서울,강서구,등촌1동,등촌동
서울,강서구,등촌2동,등촌동
서울,강서구,등촌3동,등촌동
서울,강서구,발산1동,내발산동
서울,강서구,발산1동,마곡동
서울,강서구,발산1동,외발산동
서울,강서구,방화1동,공항동
서울,강서구,방화1동,마곡동
서울,강서구,방화1동,방화동
서울,강서구,방화2동,개화동
서울,강서구,방화2동,방화동
서울,강서구,방화3동,마곡동
서울,강서구,방화3동,방화동
서울,강서구,염창동,가양동
서울,강서구,염창동,염창동
서울,강서구,우장산동,내발산동
서울,강서구,우장산동,화곡동
서울,강서구,화곡1동,화곡동
서울,강서구,화곡2동,화곡동
서울,강서구,화곡3동,화곡동
서울,강서구,화곡4동,화곡동
서울,강서구,화곡6동,화곡동
서울,강서구,화곡8동,화곡동
서울,강서구,화곡본동,화곡동
서울,관악구,관악구,관악구
서울,관악구,낙성대동,봉천동
서울,관악구,난곡동,신림동
서울,관악구,난향동,신림동
서울,관악구,남현동,남현동
서울,관악구,대학동,신림동
서울,관악구,미성동,신림동
서울,관악구,보라매동,봉천동
서울,관악구,삼성동,신림동
서울,관악구,서림동,신림동
서울,관악구,서원동,신림동
서울,관악구,성현동,봉천동
서울,관악구,신림동,신림동
서울,관악구,신사동,신림동
서울,관악구,신원동,신림동
서울,관악구,은천동,봉천동
서울,관악구,인헌동,봉천동
서울,관악구,조원동,신림동
서울,관악구,중앙동,봉천동
서울,관악구,청룡동,봉천동
서울,관악구,청림동,봉천동
서울,관악구,행운동,봉천동
서울,광진구,광장동,광장동
서울,광진구,광진구,광진구
서울,광진구,구의1동,구의동
서울,광진구,구의2동,구의동
서울,광진구,구의3동,구의동
서울,광진구,군자동,군자동
서울,광진구,능동,능동
서울,광진구,자양1동,자양동
서울,광진구,자양2동,자양동
서울,광진구,자양3동,자양동
서울,광진구,자양4동,자양동
서울,광진구,중곡1동,중곡동
서울,광진구,중곡2동,중곡동
서울,광진구,중곡3동,중곡동
서울,광진구,중곡4동,중곡동
서울,광진구,화양동,화양동
서울,구로구,가리봉동,가리봉동
서울,구로구,개봉1동,개봉동
서울,구로구,개봉2동,개봉동
서울,구로구,개봉3동,개봉동
서울,구로구,고척1동,고척동
서울,구로구,고척2동,고척동
서울,구로구,구로1동,구로동
서울,구로구,구로2동,구로동
서울,구로구,구로3동,구로동
서울,구로구,구로4동,구로동
서울,구로구,구로5동,구로동
서울,구로구,구로구,구로구
서울,구로구,수궁동,궁동
서울,구로구,수궁동,온수동
서울,구로구,신도림동,신도림동
서울,구로구,오류1동,오류동
서울,구로구,오류2동,오류동
서울,구로구,오류2동,천왕동
서울,구로구,항동,항동
서울,금천구,가산동,가산동
서울,금천구,금천구,금천구
서울,금천구,독산1동,독산동
서울,금천구,독산2동,독산동
서울,금천구,독산3동,독산동
서울,금천구,독산4동,독산동
서울,금천구,시흥1동,시흥동
서울,금천구,시흥2동,시흥동
서울,금천구,시흥3동,시흥동
서울,금천구,시흥4동,시흥동
서울,금천구,시흥5동,시흥동
서울,노원구,공릉1동,공릉동
서울,노원구,공릉2동,공릉동
서울,노원구,노원구,노원구
서울,노원구,상계10동,상계동
서울,노원구,상계1동,상계동
서울,노원구,상계2동,상계동
서울,노원구,상계3·4동,상계동
서울,노원구,상계5동,상계동
서울,노원구,상계6·7동,상계동
서울,노원구,상계8동,상계동
서울,노원구,상계9동,상계동
서울,노원구,월계1동,월계동
서울,노원구,월계2동,월계동
서울,노원구,월계3동,월계동
서울,노원구,중계1동,중계동
서울,노원구,중계2·3동,중계동
서울,노원구,중계4동,중계동
서울,노원구,중계본동,중계동
서울,노원구,하계1동,하계동
서울,노원구,하계2동,하계동
서울,도봉구,도봉1동,도봉동
서울,도봉구,도봉2동,도봉동
서울,도봉구,도봉구,도봉구
서울,도봉구,방학1동,방학동
서울,도봉구,방학2동,방학동
서울,도봉구,방학3동,방학동
서울,도봉구,쌍문1동,쌍문동
서울,도봉구,쌍문2동,쌍문동
서울,도봉구,쌍문3동,쌍문동
서울,도봉구,쌍문4동,쌍문동
서울,도봉구,창1동,창동
서울,도봉구,창2동,창동
서울,도봉구,창3동,창동
서울,도봉구,창4동,창동
서울,도봉구,창5동,창동
서울,동대문구,답십리1동,답십리동
서울,동대문구,답십리2동,답십리동
서울,동대문구,동대문구,동대문구
서울,동대문구,용신동,신설동
서울,동대문구,용신동,용두동
서울,동대문구,이문1동,이문동
서울,동대문구,이문2동,이문동
서울,동대문구,장안1동,장안동
서울,동대문구,장안2동,장안동
서울,동대문구,전농1동,전농동
서울,동대문구,전농2동,전농동
서울,동대문구,제기동,제기동
서울,동대문구,청량리동,청량리동
서울,동대문구,회기동,회기동
서울,동대문구,휘경1동,휘경동
서울,동대문구,휘경2동,휘경동
서울,동작구,노량진1동,노량진동
서울,동작구,노량진1동,본동
서울,동작구,노량진2동,노량진동
서울,동작구,대방동,대방동
서울,동작구,동작구,동작구
서울,동작구,사당1동,사당동
서울,동작구,사당2동,동작동
서울,동작구,사당2동,사당동
서울,동작구,사당3동,사당동
서울,동작구,사당4동,사당동
서울,동작구,사당5동,사당동
서울,동작구,상도1동,상도1동
서울,동작구,상도1동,상도동
서울,동작구,상도2동,상도동
서울,동작구,상도3동,상도동
서울,동작구,상도4동,상도동
서울,동작구,신대방1동,신대방동
서울,동작구,신대방2동,신대방동
서울,동작구,흑석동,흑석동
서울,마포구,공덕동,공덕동
서울,마포구,공덕동,도화동
서울,마포구,공덕동,신공덕동
서울,마포구,공덕동,아현동
서울,마포구,대흥동,노고산동
서울,마포구,대흥동,대흥동
서울,마포구,대흥동,신수동
서울,마포구,도화동,도화동
서울,마포구,도화동,마포동
서울,마포구,마포구,마포구
서울,마포구,망원1동,망원동
서울,마포구,망원2동,망원동
서울,마포구,상암동,상암동
서울,마포구,서강동,당인동
서울,마포구,서강동,상수동
서울,마포구,서강동,신정동
서울,마포구,서강동,창전동
서울,마포구,서강동,하중동
서울,마포구,서교동,노고산동
서울,마포구,서교동,동교동
서울,마포구,서교동,서교동
서울,마포구,성산1동,성산동
서울,마포구,성산2동,성산동
서울,마포구,성산2동,중동
서울,마포구,신수동,구수동
서울,마포구,신수동,대흥동
서울,마포구,신수동,신수동
서울,마포구,신수동,신정동
서울,마포구,신수동,현석동
서울,마포구,아현동,공덕동
서울,마포구,아현동,아현동
서울,마포구,아현동,염리동
서울,마포구,연남동,연남동
서울,마포구,염리동,공덕동
서울,마포구,염리동,염리동
서울,마포구,용강동,대흥동
서울,마포구,용강동,도화동
서울,마포구,용강동,마포동
서울,마포구,용강동,염리동
서울,마포구,용강동,용강동
서울,마포구,용강동,토정동
서울,마포구,합정동,합정동
서울,서대문구,남가좌1동,남가좌동
서울,서대문구,남가좌2동,남가좌동
서울,서대문구,북가좌1동,북가좌동
서울,서대문구,북가좌2동,북가좌동
서울,서대문구,북아현동,북아현동
서울,서대문구,서대문구,서대문구
서울,서대문구,신촌동,대신동
서울,서대문구,신촌동,대현동
서울,서대문구,신촌동,봉원동
서울,서대문구,신촌동,신촌동
서울,서대문구,신촌동,창천동
서울,서대문구,연희동,연희동
서울,서대문구,천연동,냉천동
서울,서대문구,천연동,영천동
서울,서대문구,천연동,옥천동
서울,서대문구,천연동,천연동
서울,서대문구,천연동,현저동
서울,서대문구,충현동,미근동
서울,서대문구,충현동,북아현동
서울,서대문구,충현동,충정로2가
서울,서대문구,충현동,충정로3가
서울,서대문구,충현동,합동
서울,서대문구,홍은1동,홍은동
서울,서대문구,홍은2동,홍은동
서울,서대문구,홍제1동,홍제동
서울,서대문구,홍제2동,홍제동
서울,서대문구,홍제3동,홍제동
서울,서울특별시,서울특별시,서울특별시
서울,서초구,내곡동,내곡동
서울,서초구,내곡동,신원동
서울,서초구,내곡동,염곡동
서울,서초구,반포1동,반포동
서울,서초구,반포2동,반포동
서울,서초구,반포3동,잠원동
서울,서초구,반포4동,반포동
서울,서초구,반포본동,반포동
서울,서초구,방배1동,방배동
서울,서초구,방배2동,방배동
서울,서초구,방배3동,방배동
서울,서초구,방배4동,방배동
서울,서초구,방배본동,방배동
서울,서초구,서초1동,서초동
서울,서초구,서초2동,서초동
서울,서초구,서초3동,방배동
서울,서초구,서초3동,서초동
서울,서초구,서초4동,서초동
서울,서초구,서초구,서초구
서울,서초구,양재1동,양재동
서울,서초구,양재1동,우면동
서울,서초구,양재2동,양재동
서울,서초구,양재2동,원지동
서울,서초구,잠원동,잠원동
서울,성동구,금호1가동,금호동1가
서울,성동구,금호2·3가동,금호동2가
서울,성동구,금호2·3가동,금호동3가
서울,성동구,금호4가동,금호동4가
서울,성동구,마장동,마장동
서울,성동구,사근동,사근동
서울,성동구,사근동,행당동
서울,성동구,성동구,성동구
서울,성동구,성수1가1동,성수동1가
서울,성동구,성수1가2동,성수동1가
서울,성동구,성수2가1동,성수동2가
서울,성동구,성수2가3동,성수동2가
서울,성동구,송정동,송정동
서울,성동구,옥수동,옥수동
서울,성동구,왕십리2동,하왕십리동
서울,성동구,왕십리도선동,도선동
서울,성동구,왕십리도선동,상왕십리동
서울,성동구,왕십리도선동,하왕십리동
서울,성동구,왕십리도선동,홍익동
서울,성동구,용답동,송정동
서울,성동구,용답동,용답동
서울,성동구,응봉동,응봉동
서울,성동구,행당1동,행당동
서울,성동구,행당2동,행당동
서울,성북구,길음1동,길음동
서울,성북구,길음2동,길음동
서울,성북구,길음2동,하월곡동
서울,성북구,돈암1동,돈암동
서울,성북구,돈암2동,돈암동
서울,성북구,동선동,돈암동
서울,성북구,동선동,동선동1가
서울,성북구,동선동,동선동2가
서울,성북구,동선동,동선동3가
서울,성북구,동선동,동선동4가
서울,성북구,동선동,동선동5가
서울,성북구,동선동,동소문동6가
서울,성북구,동선동,동소문동7가
서울,성북구,보문동,보문동1가
서울,성북구,보문동,보문동2가
서울,성북구,보문동,보문동3가
서울,성북구,보문동,보문동4가
서울,성북구,보문동,보문동5가
서울,성북구,보문동,보문동6가
서울,성북구,보문동,보문동7가
서울,성북구,삼선동,돈암동
서울,성북구,삼선동,동소문동2가
서울,성북구,삼선동,동소문동3가
서울,성북구,삼선동,동소문동5가
서울,성북구,삼선동,삼선동1가
서울,성북구,삼선동,삼선동2가
서울,성북구,삼선동,삼선동3가
서울,성북구,삼선동,삼선동4가
서울,성북구,삼선동,삼선동5가
서울,성북구,석관동,석관동
서울,성북구,성북구,성북구
서울,성북구,성북동,동소문동1가
서울,성북구,성북동,동소문동4가
서울,성북구,성북동,성북동
서울,성북구,성북동,성북동1가
서울,성북구,안암동,안암동1가
서울,성북구,안암동,안암동2가
서울,성북구,안암동,안암동3가
서울,성북구,안암동,안암동4가
서울,성북구,안암동,안암동5가
서울,성북구,월곡1동,하월곡동
서울,성북구,월곡2동,상월곡동
서울,성북구,월곡2동,하월곡동
서울,성북구,장위1동,장위동
서울,성북구,장위2동,장위동
서울,성북구,장위3동,장위동
서울,성북구,정릉1동,길음동
서울,성북구,정릉1동,돈암동
서울,성북구,정릉1동,정릉동
서울,성북구,정릉2동,돈암동
서울,성북구,정릉2동,정릉동
서울,성북구,정릉3동,정릉동
서울,성북구,정릉4동,정릉동
서울,성북구,종암동,종암동
서울,송파구,가락1동,가락동
서울,송파구,가락2동,가락동
서울,송파구,가락본동,가락동
서울,송파구,거여1동,거여동
서울,송파구,거여2동,거여동
서울,송파구,마천1동,마천동
서울,송파구,마천2동,마천동
서울,송파구,문정1동,문정동
서울,송파구,문정2동,문정동
서울,송파구,문정2동,장지동
서울,송파구,방이1동,방이동
서울,송파구,방이2동,방이동
서울,송파구,삼전동,삼전동
서울,송파구,석촌동,석촌동
서울,송파구,송파1동,송파동
서울,송파구,송파2동,송파동
서울,송파구,송파구,송파구
서울,송파구,오금동,오금동
서울,송파구,오륜동,방이동
서울,송파구,위례동,거여동
서울,송파구,위례동,장지동
서울,송파구,잠실2동,잠실동
서울,송파구,잠실3동,잠실동
서울,송파구,잠실4동,신천동
서울,송파구,잠실6동,신천동
서울,송파구,잠실7동,잠실동
서울,송파구,잠실본동,잠실동
서울,송파구,장지동,문정동
서울,송파구,장지동,장지동
서울,송파구,풍납1동,풍납동
서울,송파구,풍납2동,풍납동
서울,양천구,목1동,목동
서울,양천구,목2동,목동
서울,양천구,목3동,목동
서울,양천구,목4동,목동
서울,양천구,목5동,목동
서울,양천구,신월1동,신월동
서울,양천구,신월2동,신월동
서울,양천구,신월3동,신월동
서울,양천구,신월4동,신월동
서울,양천구,신월5동,신월동
서울,양천구,신월6동,신월동
서울,양천구,신월7동,신월동
서울,양천구,신정1동,신정동
서울,양천구,신정2동,신정동
서울,양천구,신정3동,신정동
서울,양천구,신정4동,신정동
서울,양천구,신정6동,신정동
서울,양천구,신정7동,신정동
서울,양천구,양천구,양천구
서울,영등포구,당산1동,당산동1가
서울,영등포구,당산1동,당산동2가
서울,영등포구,당산1동,당산동3가
서울,영등포구,당산2동,당산동
서울,영등포구,당산2동,당산동4가
서울,영등포구,당산2동,당산동5가
서울,영등포구,당산2동,당산동6가
서울,영등포구,대림1동,대림동
서울,영등포구,대림2동,대림동
서울,영등포구,대림3동,대림동
서울,영등포구,도림동,도림동
서울,영등포구,문래동,문래동1가
서울,영등포구,문래동,문래동2가
서울,영등포구,문래동,문래동3가
서울,영등포구,문래동,문래동4가
서울,영등포구,문래동,문래동5가
서울,영등포구,문래동,문래동6가
서울,영등포구,신길1동,신길동
서울,영등포구,신길3동,신길동
서울,영등포구,신길4동,신길동
서울,영등포구,신길5동,대림동
서울,영등포구,신길5동,신길동
서울,영등포구,신길6동,신길동
서울,영등포구,신길7동,신길동
서울,영등포구,양평1동,양평동1가
서울,영등포구,양평1동,양평동2가
서울,영등포구,양평1동,양평동3가
서울,영등포구,양평2동,양평동
서울,영등포구,양평2동,양평동3가
서울,영등포구,양평2동,양평동4가
서울,영등포구,양평2동,양평동5가
서울,영등포구,양평2동,양평동6가
서울,영등포구,양평2동,양화동
서울,영등포구,여의동,여의도동
서울,영등포구,영등포구,영등포구
서울,영등포구,영등포동,영등포동
서울,영등포구,영등포동,영등포동1가
서울,영등포구,영등포동,영등포동2가
서울,영등포구,영등포동,영등포동3가
서울,영등포구,영등포동,영등포동4가
서울,영등포구,영등포동,영등포동5가
서울,영등포구,영등포동,영등포동6가
서울,영등포구,영등포동,영등포동7가
서울,영등포구,영등포동,영등포동8가
서울,영등포구,영등포본동,신길동
서울,영등포구,영등포본동,영등포동
서울,용산구,남영동,갈월동
서울,용산구,남영동,남영동
서울,용산구,남영동,동자동
서울,용산구,남영동,용산동1가
서울,용산구,보광동,보광동
서울,용산구,서빙고동,동빙고동
서울,용산구,서빙고동,서빙고동
서울,용산구,서빙고동,용산동6가
서울,용산구,서빙고동,주성동
서울,용산구,용문동,도원동
서울,용산구,용문동,용문동
서울,용산구,용산2가동,용산동2가
서울,용산구,용산2가동,용산동4가
서울,용산구,용산구,용산구
서울,용산구,원효로1동,문배동
서울,용산구,원효로1동,신계동
서울,용산구,원효로1동,원효로1가
서울,용산구,원효로1동,원효로2가
서울,용산구,원효로2동,산천동
서울,용산구,원효로2동,신창동
서울,용산구,원효로2동,원효로3가
서울,용산구,원효로2동,원효로4가
서울,용산구,원효로2동,청암동
서울,용산구,이촌1동,이촌동
서울,용산구,이촌2동,이촌동
서울,용산구,이태원1동,이태원동
서울,용산구,이태원2동,이태원동
서울,용산구,청파동,서계동
서울,용산구,청파동,청파동1가
서울,용산구,청파동,청파동2가
서울,용산구,청파동,청파동3가
서울,용산구,한강로동,용산동3가
서울,용산구,한강로동,용산동5가
서울,용산구,한강로동,한강로1가
서울,용산구,한강로동,한강로2가
서울,용산구,한강로동,한강로3가
서울,용산구,한남동,한남동
서울,용산구,효창동,효창동
서울,용산구,후암동,후암동
서울,은평구,갈현1동,갈현동
서울,은평구,갈현2동,갈현동
서울,은평구,구산동,구산동
서울,은평구,녹번동,녹번동
서울,은평구,대조동,대조동
서울,은평구,불광1동,불광동
서울,은평구,불광2동,불광동
서울,은평구,수색동,수색동
서울,은평구,신사1동,신사동
서울,은평구,신사2동,신사동
서울,은평구,역촌동,역촌동
서울,은평구,은평구,은평구
서울,은평구,응암1동,응암동
서울,은평구,응암2동,응암동
서울,은평구,응암3동,응암동
서울,은평구,증산동,증산동
서울,은평구,진관동,진관동
서울,종로구,가회동,가회동
서울,종로구,가회동,계동
서울,종로구,가회동,원서동
서울,종로구,가회동,재동
서울,종로구,교남동,교남동
서울,종로구,교남동,교북동
서울,종로구,교남동,송월동
서울,종로구,교남동,평동
서울,종로구,교남동,행촌동
서울,종로구,교남동,홍파동
서울,종로구,무악동,무악동
서울,종로구,부암동,부암동
서울,종로구,부암동,신영동
서울,종로구,부암동,홍지동
서울,종로구,사직동,내수동
서울,종로구,사직동,내자동
서울,종로구,사직동,당주동
서울,종로구,사직동,도렴동
서울,종로구,사직동,사직동
서울,종로구,사직동,세종로
서울,종로구,사직동,신문로1가
서울,종로구,사직동,신문로2가
서울,종로구,사직동,적선동
서울,종로구,사직동,체부동
서울,종로구,사직동,통의동
서울,종로구,사직동,필운동
서울,종로구,삼청동,사간동
서울,종로구,삼청동,삼청동
서울,종로구,삼청동,소격동
서울,종로구,삼청동,송현동
서울,종로구,삼청동,안국동
서울,종로구,삼청동,팔판동
서울,종로구,삼청동,화동
서울,종로구,숭인1동,숭인동
서울,종로구,숭인2동,숭인동
서울,종로구,이화동,동숭동
서울,종로구,이화동,연건동
서울,종로구,이화동,이화동
서울,종로구,종로1·2·3·4가동,견지동
서울,종로구,종로1·2·3·4가동,경운동
서울,종로구,종로1·2·3·4가동,공평동
서울,종로구,종로1·2·3·4가동,관수동
서울,종로구,종로1·2·3·4가동,관철동
서울,종로구,종로1·2·3·4가동,관훈동
서울,종로구,종로1·2·3·4가동,권농동
서울,종로구,종로1·2·3·4가동,낙원동
서울,종로구,종로1·2·3·4가동,돈의동
서울,종로구,종로1·2·3·4가동,묘동
서울,종로구,종로1·2·3·4가동,봉익동
서울,종로구,종로1·2·3·4가동,서린동
서울,종로구,종로1·2·3·4가동,세종로
서울,종로구,종로1·2·3·4가동,수송동
서울,종로구,종로1·2·3·4가동,예지동
서울,종로구,종로1·2·3·4가동,와룡동
서울,종로구,종로1·2·3·4가동,운니동
서울,종로구,종로1·2·3·4가동,원남동
서울,종로구,종로1·2·3·4가동,익선동
서울,종로구,종로1·2·3·4가동,인사동
서울,종로구,종로1·2·3·4가동,인의동
서울,종로구,종로1·2·3·4가동,장사동
서울,종로구,종로1·2·3·4가동,종로1가
서울,종로구,종로1·2·3·4가동,종로2가
서울,종로구,종로1·2·3·4가동,종로3가
서울,종로구,종로1·2·3·4가동,종로4가
서울,종로구,종로1·2·3·4가동,중학동
서울,종로구,종로1·2·3·4가동,청진동
서울,종로구,종로1·2·3·4가동,훈정동
서울,종로구,종로5·6가동,연지동
서울,종로구,종로5·6가동,종로5가
서울,종로구,종로5·6가동,종로6가
서울,종로구,종로5·6가동,충신동
서울,종로구,종로5·6가동,효제동
서울,종로구,종로구,종로구
서울,종로구,창신1동,창신동
서울,종로구,창신2동,창신동
서울,종로구,창신3동,창신동
서울,종로구,청운효자동,궁정동
서울,종로구,청운효자동,누상동
서울,종로구,청운효자동,누하동
서울,종로구,청운효자동,세종로
서울,종로구,청운효자동,신교동
서울,종로구,청운효자동,옥인동
서울,종로구,청운효자동,창성동
서울,종로구,청운효자동,청운동
서울,종로구,청운효자동,통인동
서울,종로구,청운효자동,효자동
서울,종로구,평창동,구기동
서울,종로구,평창동,평창동
서울,종로구,혜화동,명륜1가
서울,종로구,혜화동,명륜2가
서울,종로구,혜화동,명륜3가
서울,종로구,혜화동,명륜4가
서울,종로구,혜화동,와룡동
서울,종로구,혜화동,혜화동
서울,중구,광희동,광희동1가
서울,중구,광희동,광희동2가
서울,중구,광희동,쌍림동
서울,중구,광희동,예관동
서울,중구,광희동,오장동
서울,중구,광희동,을지로6가
서울,중구,광희동,을지로7가
서울,중구,광희동,인현동2가
서울,중구,광희동,충무로4가
서울,중구,광희동,충무로5가
서울,중구,다산동,신당동
서울,중구,동화동,신당동
서울,중구,명동,남대문로1가
서울,중구,명동,남대문로2가
서울,중구,명동,남산동1가
서울,중구,명동,남산동2가
서울,중구,명동,남산동3가
서울,중구,명동,다동
서울,중구,명동,명동1가
서울,중구,명동,명동2가
서울,중구,명동,무교동
서울,중구,명동,삼각동
서울,중구,명동,수표동
서울,중구,명동,수하동
서울,중구,명동,예장동
서울,중구,명동,을지로1가
서울,중구,명동,을지로2가
서울,중구,명동,장교동
서울,중구,명동,저동1가
서울,중구,명동,충무로1가
서울,중구,명동,충무로2가
서울,중구,명동,태평로1가
서울,중구,명동,회현동1가
서울,중구,명동,회현동2가
서울,중구,명동,회현동3가
서울,중구,소공동,남대문로2가
서울,중구,소공동,남대문로3가
서울,중구,소공동,남대문로4가
서울,중구,소공동,봉래동1가
서울,중구,소공동,북창동
서울,중구,소공동,서소문동
서울,중구,소공동,소공동
서울,중구,소공동,순화동
서울,중구,소공동,의주로1가
서울,중구,소공동,정동
서울,중구,소공동,충정로1가
서울,중구,소공동,태평로2가
서울,중구,신당5동,신당동
서울,중구,신당동,무학동
서울,중구,신당동,신당동
서울,중구,신당동,흥인동
서울,중구,약수동,신당동
서울,중구,을지로동,방산동
서울,중구,을지로동,산림동
서울,중구,을지로동,을지로3가
서울,중구,을지로동,을지로4가
서울,중구,을지로동,을지로5가
서울,중구,을지로동,인현동1가
서울,중구,을지로동,입정동
서울,중구,을지로동,저동2가
서울,중구,을지로동,주교동
서울,중구,을지로동,초동
서울,중구,장충동,묵정동
서울,중구,장충동,장충동1가
서울,중구,장충동,장충동2가
서울,중구,중구,중구
서울,중구,중림동,만리동1가
서울,중구,중림동,만리동2가
서울,중구,중림동,의주로2가
서울,중구,중림동,중림동
서울,중구,청구동,신당동
서울,중구,필동,남학동
서울,중구,필동,묵정동
서울,중구,필동,예장동
서울,중구,필동,장충동2가
서울,중구,필동,주자동
서울,중구,필동,충무로3가
서울,중구,필동,충무로4가
서울,중구,필동,충무로5가
서울,중구,필동,필동1가
서울,중구,필동,필동2가
서울,중구,필동,필동3가
서울,중구,황학동,황학동
서울,중구,회현동,남대문로3가
서울,중구,회현동,남대문로4가
서울,중구,회현동,남대문로5가
서울,중구,회현동,남창동
서울,중구,회현동,봉래동1가
서울,중구,회현동,봉래동2가
서울,중구,회현동,순화동
서울,중구,회현동,충무로1가
서울,중구,회현동,회현동1가
서울,중구,회현동,회현동2가
서울,중랑구,망우3동,망우동
서울,중랑구,망우본동,망우동
서울,중랑구,면목2동,면목동
서울,중랑구,면목3·8동,면목동
서울,중랑구,면목4동,면목동
서울,중랑구,면목5동,면목동
서울,중랑구,면목7동,면목동
서울,중랑구,면목본동,면목동
서울,중랑구,묵1동,묵동
서울,중랑구,묵2동,묵동
서울,중랑구,상봉1동,상봉동
서울,중랑구,상봉2동,상봉동
서울,중랑구,신내1동,신내동
서울,중랑구,신내2동,신내동
서울,중랑구,중랑구,중랑구
서울,중랑구,중화1동,중화동
서울,중랑구,중화2동,중화동
