시도,상권,시점,시점명,임대료,공실률,전환율
경기,경기,202403,2024년 3분기,24.1865065161605,5.83790262018448,6.97579192546584
경기,경기>고양시청,202403,2024년 3분기,20.6456456456456,0,6.5
경기,경기>광명철산,202403,2024년 3분기,37.9288716456515,3.62633761274419,7.11538461538461
경기,경기>광주시가지,202403,2024년 3분기,24.1177051618751,7.42059056704314,7.5
경기,경기>구리역,202403,2024년 3분기,35.3704715567077,0,7
경기,경기>기흥역,202403,2024년 3분기,29.1390315493092,3.19643549012011,6.62222222222222
경기,경기>김량장동,202403,2024년 3분기,22.8498745469752,0,6.5
경기,경기>동두천중앙로,202403,2024년 3분기,14.2798297727636,11.7831285252781,7.9
경기,경기>모란,202403,2024년 3분기,45.2370131658679,0,6.5
경기,경기>병점역,202403,2024년 3분기,24.7965026974581,0,6.5
경기,경기>부천역,202403,2024년 3분기,28.2379634626939,4.37383400011901,7.22857142857143
경기,경기>성남구시가지,202403,2024년 3분기,28.6669723656365,9.55930343253613,6.62631578947368
경기,경기>수원역,202403,2024년 3분기,51.6580637760954,5.04437123438103,6.28823529411765
경기,경기>수원파장동,202403,2024년 3분기,20.3211805555556,11.6717042548245,6.6
경기,경기>신장/지산/서정,202403,2024년 3분기,16.8966688605337,5.70207458332471,7
경기,경기>신천역,202403,2024년 3분기,20.9238657009881,22.1671511433203,7
경기,경기>안성 서인사거리,202403,2024년 3분기,12.8139191658413,14.7186238564883,7
경기,경기>안양역,202403,2024년 3분기,33.8486095443983,4.11085806924769,7.16666666666667
경기,경기>양주덕정역,202403,2024년 3분기,22.6114458918789,12.3745875276722,7.75
경기,경기>여주시청,202403,2024년 3분기,17.9453101883815,12.1711916952417,7.09375
경기,경기>오산시청,202403,2024년 3분기,19.9770714208514,0,6.5
경기,경기>용인수지,202403,2024년 3분기,25.1019133071124,3.69636028891092,7
경기,경기>의정부역,202403,2024년 3분기,34.4243911148843,8.24881934111433,7.39285714285715
경기,경기>이천종합터미널,202403,2024년 3분기,17.2702731955835,0,7.30714285714286
경기,경기>인계동,202403,2024년 3분기,25.1908463358769,2.1514942131629,6.5
경기,경기>인덕원,202403,2024년 3분기,30.7487532012401,9.71046947147302,7
경기,경기>탄현역,202403,2024년 3분기,20.4657744584969,0,6.5
경기,경기>파주시청,202403,2024년 3분기,24.2175072015134,9.09057124983741,6.75384615384615
경기,경기>팔달문로터리,202403,2024년 3분기,31.0467011765465,15.5213550317391,6.55161290322581
경기,경기>평택역,202403,2024년 3분기,21.0664245345577,5.58365014214342,6.75925925925926
경기,경기>포천소흘읍,202403,2024년 3분기,17.6570513026748,8.10607852412488,7.68
경기,경기>포천시외버스터미널,202403,2024년 3분기,14.4971515166007,9.4202300084653,7.87411764705883
경기,경기>하남원도심,202403,2024년 3분기,39.7479380543731,0,7
경기,경기>화성남양읍,202403,2024년 3분기,18.5593382996845,0,7
경기,경기>화성봉담읍,202403,2024년 3분기,24.9305016808896,1.3933854232208,7
서울,서울,202403,2024년 3분기,51.2103209183484,4.93900785500498,7.06980707395498
서울,서울>강남,202403,2024년 3분기,61.3183747309197,5.10213732483002,7.77323529411765
서울,서울>강남>강남대로,202403,2024년 3분기,80.2519301097115,0,7.5
서울,서울>강남>교대역,202403,2024년 3분기,43.590067069758,0,7.59142857142857
서울,서울>강남>남부터미널,202403,2024년 3분기,41.9022480243064,0,7.65
서울,서울>강남>논현역,202403,2024년 3분기,67.7571106486299,0,7.64285714285714
서울,서울>강남>도산대로,202403,2024년 3분기,54.4926883832597,13.154974178369,7.94166666666667
서울,서울>강남>신사역,202403,2024년 3분기,70.248333624585,6.797693205863,7.525
서울,서울>강남>압구정,202403,2024년 3분기,55.8924361180144,0,8
서울,서울>강남>청담,202403,2024년 3분기,65.0633594341435,17.3743302671685,8.02111111111111
서울,서울>강남>테헤란로,202403,2024년 3분기,71.6387903233959,1.02278217866003,7.89285714285714
서울,서울>기타,202403,2024년 3분기,44.0691076995446,5.13655523464862,6.86614457831325
서울,서울>기타>가락시장,202403,2024년 3분기,31.2640505939704,17.1764154077664,7.88888888888889
서울,서울>기타>건대입구,202403,2024년 3분기,50.4259913149098,0,5.9
서울,서울>기타>경희대,202403,2024년 3분기,47.5134893383732,0,6
서울,서울>기타>군자,202403,2024년 3분기,35.0672308932366,0,5.87142857142857
서울,서울>기타>까치산역,202403,2024년 3분기,30.5989583333333,3.66018633675896,6
서울,서울>기타>노량진,202403,2024년 3분기,30.735328230109,3.40869813951825,7.50909090909091
서울,서울>기타>독산/시흥,202403,2024년 3분기,31.2801500965164,4.23176239949564,7
서울,서울>기타>뚝섬,202403,2024년 3분기,56.8243532982331,5.77190460841824,6.5
서울,서울>기타>목동,202403,2024년 3분기,40.3386235646895,4.3426149656733,6.875
서울,서울>기타>미아사거리,202403,2024년 3분기,40.165072920562,5.99637602196803,6.07692307692308
서울,서울>기타>불광역,202403,2024년 3분기,39.6625586258705,7.51354981054247,7.5
서울,서울>기타>사당,202403,2024년 3분기,45.1256578897113,3.43603854693183,7.89636363636364
서울,서울>기타>상계역,202403,2024년 3분기,24.5709148618029,2.5953036369703,6
서울,서울>기타>상봉역,202403,2024년 3분기,44.7545610097553,0,6
서울,서울>기타>서울대입구역,202403,2024년 3분기,67.3469740360153,4.41069134649072,7
서울,서울>기타>성신여대,202403,2024년 3분기,58.2068167054337,1.72917307101137,7.5
서울,서울>기타>수유,202403,2024년 3분기,40.2232187885512,8.70219253666328,5.98
서울,서울>기타>숙명여대,202403,2024년 3분기,45.2869908155833,0,7.5
서울,서울>기타>신림역,202403,2024년 3분기,67.3972389981064,0.870842889908257,6.22222222222222
서울,서울>기타>약수역,202403,2024년 3분기,75.0157736361871,7.98867880361342,7.07142857142857
서울,서울>기타>연신내,202403,2024년 3분기,44.7172957404881,2.70926918481635,7.5
서울,서울>기타>오류동역,202403,2024년 3분기,55.6870464355168,7.87544061374903,6.90909090909091
서울,서울>기타>왕십리,202403,2024년 3분기,43.3257519312968,0,6
서울,서울>기타>용산역,202403,2024년 3분기,37.2285708792124,11.0827076104464,7.5
서울,서울>기타>이태원,202403,2024년 3분기,66.8713234827021,13.9480465852521,7.5
서울,서울>기타>잠실/송파,202403,2024년 3분기,36.4441024276856,6.74292826576504,7.74444444444444
서울,서울>기타>잠실새내역,202403,2024년 3분기,33.6604758569365,9.74290441644393,7.3625
서울,서울>기타>장안동,202403,2024년 3분기,34.3995735039318,12.5968228200371,6
서울,서울>기타>천호,202403,2024년 3분기,55.9992764172316,2.2793133820573,7.94388888888889
서울,서울>기타>청량리,202403,2024년 3분기,40.394726367126,0.815394760184903,6.01219512195122
서울,서울>기타>혜화동,202403,2024년 3분기,60.8069024120562,0.554602620580407,7.5
서울,서울>기타>화곡,202403,2024년 3분기,29.8644040479442,10.4002571933773,7
서울,서울>도심,202403,2024년 3분기,71.6221302296953,6.19536490870164,7.34336283185841
서울,서울>도심>광화문,202403,2024년 3분기,91.3674040198851,0.944655669105075,7.5
서울,서울>도심>남대문,202403,2024년 3분기,69.6475336443628,6.20952553320249,7
서울,서울>도심>동대문,202403,2024년 3분기,52.4996195349425,11.7326775073719,7.28048780487805
서울,서울>도심>명동,202403,2024년 3분기,137.729447756511,2.39000718617026,7.5
서울,서울>도심>방산시장,202403,2024년 3분기,72.8516083587697,4.9916302719847,7.36
서울,서울>도심>북촌,202403,2024년 3분기,97.3336209959896,25.9012294227964,7.5
서울,서울>도심>서촌,202403,2024년 3분기,43.6071396389631,4.03159661320648,7.5
서울,서울>도심>시청,202403,2024년 3분기,95.7183316989947,6.60397301781516,7.39285714285714
서울,서울>도심>을지로,202403,2024년 3분기,67.8912600682256,2.5903100817027,7.0625
서울,서울>도심>종로,202403,2024년 3분기,69.2968567108085,5.24147520019225,7.52631578947368
서울,서울>도심>충무로,202403,2024년 3분기,51.9389869991949,1.01701407087852,7
서울,서울>영등포신촌,202403,2024년 3분기,46.9386815679866,2.764809862666,6.9986301369863
서울,서울>영등포신촌>공덕역,202403,2024년 3분기,59.0013945330311,1.10480177042768,7
서울,서울>영등포신촌>당산역,202403,2024년 3분기,38.2944958560969,0,6.73333333333333
서울,서울>영등포신촌>동교/연남,202403,2024년 3분기,55.0474088030859,2.35029045702892,7.08888888888889
서울,서울>영등포신촌>망원역,202403,2024년 3분기,40.6167539619203,0,7
서울,서울>영등포신촌>신촌/이대,202403,2024년 3분기,40.8604464336948,9.49302143208723,7
서울,서울>영등포신촌>영등포역,202403,2024년 3분기,37.9599434157417,1.59010095697609,6.76086956521739
서울,서울>영등포신촌>홍대/합정,202403,2024년 3분기,60.230328744764,4.63510000394951,7.56
경기,경기,202404,2024년 4분기,24.0963861561153,6.07475316424606,6.96743788819876
경기,경기>고양시청,202404,2024년 4분기,20.6456456456456,0,6.5
경기,경기>광명철산,202404,2024년 4분기,37.81021661817,3.62633761274419,7.03846153846154
경기,경기>광주시가지,202404,2024년 4분기,23.9622213958677,8.28356705613246,7.5
경기,경기>구리역,202404,2024년 4분기,35.2408158431424,0,6.99
경기,경기>기흥역,202404,2024년 4분기,29.0262700194428,3.19643549012011,6.62222222222222
경기,경기>김량장동,202404,2024년 4분기,22.8707833844438,0,6.5
경기,경기>동두천중앙로,202404,2024년 4분기,14.2736262802048,11.7831285252781,7.87142857142857
경기,경기>모란,202404,2024년 4분기,44.6861400319506,0,6.5
경기,경기>병점역,202404,2024년 4분기,24.723568556987,0,6.5
경기,경기>부천역,202404,2024년 4분기,28.1379178080332,4.37383400011901,7.2
경기,경기>성남구시가지,202404,2024년 4분기,28.5768066088618,9.55930343253613,6.62631578947368
경기,경기>수원역,202404,2024년 4분기,51.4615355203793,5.04437123438103,6.28823529411765
경기,경기>수원파장동,202404,2024년 4분기,20.2430555555556,11.6717042548245,6.6
경기,경기>신장/지산/서정,202404,2024년 4분기,16.8469883866585,7.27448992560584,7
경기,경기>신천역,202404,2024년 4분기,20.9025325952079,22.1671511433203,7
경기,경기>안성 서인사거리,202404,2024년 4분기,12.8123915270362,17.7660400151981,7
경기,경기>안양역,202404,2024년 4분기,33.78950720752,4.11085806924769,7.16666666666667
경기,경기>양주덕정역,202404,2024년 4분기,22.6206769792272,7.99632429723069,7.73888888888889
경기,경기>여주시청,202404,2024년 4분기,17.9009271131275,14.0765183897788,7.09375
경기,경기>오산시청,202404,2024년 4분기,19.7437553721181,0,6.5
경기,경기>용인수지,202404,2024년 4분기,25.0788675843986,3.69636028891092,7
경기,경기>의정부역,202404,2024년 4분기,34.2896143797786,6.54775722380574,7.36785714285714
경기,경기>이천종합터미널,202404,2024년 4분기,17.2529124751779,0,7.30714285714286
경기,경기>인계동,202404,2024년 4분기,25.1813554281665,2.1514942131629,6.5
경기,경기>인덕원,202404,2024년 4분기,30.7487532012401,9.71046947147302,7
경기,경기>탄현역,202404,2024년 4분기,20.3949065997965,0,6.5
경기,경기>파주시청,202404,2024년 4분기,24.1816787766743,18.1179662192712,6.75384615384615
경기,경기>팔달문로터리,202404,2024년 4분기,31.0003949351581,14.5230718691414,6.55161290322581
경기,경기>평택역,202404,2024년 4분기,21.0640540988218,5.58365014214342,6.75925925925926
경기,경기>포천소흘읍,202404,2024년 4분기,17.6516891768708,8.10607852412488,7.66
경기,경기>포천시외버스터미널,202404,2024년 4분기,14.4961427410002,9.4202300084653,7.86058823529412
경기,경기>하남원도심,202404,2024년 4분기,39.6455046929655,0,7
경기,경기>화성남양읍,202404,2024년 4분기,18.2249493168268,0,7
경기,경기>화성봉담읍,202404,2024년 4분기,24.8981768813033,0,7
서울,서울,202404,2024년 4분기,51.3599901358996,4.76583222975273,7.06221864951769
서울,서울>강남,202404,2024년 4분기,61.6988106510525,3.96658086116205,7.7675
서울,서울>강남>강남대로,202404,2024년 4분기,80.3365840444264,0,7.5
서울,서울>강남>교대역,202404,2024년 4분기,43.7827435292822,0,7.59142857142857
서울,서울>강남>남부터미널,202404,2024년 4분기,42.0457898388344,0,7.65
서울,서울>강남>논현역,202404,2024년 4분기,68.2340443981963,0,7.64285714285714
서울,서울>강남>도산대로,202404,2024년 4분기,54.6836634473727,6.16611669305553,7.94166666666667
서울,서울>강남>신사역,202404,2024년 4분기,70.3731557530519,6.797693205863,7.525
서울,서울>강남>압구정,202404,2024년 4분기,57.3261963932964,0,8
서울,서울>강남>청담,202404,2024년 4분기,65.9750903103592,14.4404380520891,7.97777777777778
서울,서울>강남>테헤란로,202404,2024년 4분기,71.6539542453927,1.02278217866003,7.89285714285714
서울,서울>기타,202404,2024년 4분기,44.1754035457469,4.63600485320645,6.86472289156626
서울,서울>기타>가락시장,202404,2024년 4분기,31.0776953476265,0,7.88888888888889
서울,서울>기타>건대입구,202404,2024년 4분기,50.4179296593682,0,5.9
서울,서울>기타>경희대,202404,2024년 4분기,47.3980725394581,0,6
서울,서울>기타>군자,202404,2024년 4분기,35.156421741042,6.7905987315749,5.87142857142857
서울,서울>기타>까치산역,202404,2024년 4분기,30.5316091954023,3.66018633675896,6
서울,서울>기타>노량진,202404,2024년 4분기,30.6048480630944,3.40869813951825,7.50909090909091
서울,서울>기타>독산/시흥,202404,2024년 4분기,31.2574191336977,7.87798706289781,7
서울,서울>기타>뚝섬,202404,2024년 4분기,58.0571210758387,1.88584897699464,6.5
서울,서울>기타>목동,202404,2024년 4분기,40.3459372485921,4.3426149656733,6.875
서울,서울>기타>미아사거리,202404,2024년 4분기,40.1063090977082,5.99637602196803,6.07692307692308
서울,서울>기타>불광역,202404,2024년 4분기,39.6016486305403,7.51354981054247,7.5
서울,서울>기타>사당,202404,2024년 4분기,45.1048804149384,3.43603854693183,7.89636363636364
서울,서울>기타>상계역,202404,2024년 4분기,24.584674941061,2.5953036369703,6
서울,서울>기타>상봉역,202404,2024년 4분기,44.6878958245372,0,6
서울,서울>기타>서울대입구역,202404,2024년 4분기,67.3599322716219,2.96552026159056,7
서울,서울>기타>성신여대,202404,2024년 4분기,58.3849353534084,4.58711189671073,7.5
서울,서울>기타>수유,202404,2024년 4분기,40.1456314445988,8.70219253666328,5.98
서울,서울>기타>숙명여대,202404,2024년 4분기,45.251461157201,0,7.5
서울,서울>기타>신림역,202404,2024년 4분기,67.2897140433565,0.870842889908257,6.22222222222222
서울,서울>기타>약수역,202404,2024년 4분기,74.9247718889536,7.98867880361342,7.07142857142857
서울,서울>기타>연신내,202404,2024년 4분기,44.7464465199799,2.70926918481635,7.5
서울,서울>기타>오류동역,202404,2024년 4분기,55.6562159085519,7.87544061374903,6.90909090909091
서울,서울>기타>왕십리,202404,2024년 4분기,43.4237873024587,6.11502924935761,6
서울,서울>기타>용산역,202404,2024년 4분기,38.1066296642867,11.3900263645033,7.5
서울,서울>기타>이태원,202404,2024년 4분기,66.6426329898741,13.9480465852521,7.5
서울,서울>기타>잠실/송파,202404,2024년 4분기,36.4061005655944,6.74292826576504,7.74444444444444
서울,서울>기타>잠실새내역,202404,2024년 4분기,33.693308672241,9.74290441644393,7.3625
서울,서울>기타>장안동,202404,2024년 4분기,34.4440001777067,12.5968228200371,6
서울,서울>기타>천호,202404,2024년 4분기,56.1635182202161,0,7.92777777777778
서울,서울>기타>청량리,202404,2024년 4분기,40.4570297221616,0.815394760184903,6.01219512195122
서울,서울>기타>혜화동,202404,2024년 4분기,60.6866067406528,0.554602620580407,7.48125
서울,서울>기타>화곡,202404,2024년 4분기,29.8491351887825,10.4002571933773,7
서울,서울>도심,202404,2024년 4분기,71.7934320259045,6.88440916146923,7.31858407079646
서울,서울>도심>광화문,202404,2024년 4분기,91.5728387248247,0.944655669105075,7.4
서울,서울>도심>남대문,202404,2024년 4분기,69.7182221504117,14.0490585886465,7
서울,서울>도심>동대문,202404,2024년 4분기,52.5082338381315,11.7326775073719,7.28048780487805
서울,서울>도심>명동,202404,2024년 4분기,138.953169124569,2.39000718617026,7.5
서울,서울>도심>방산시장,202404,2024년 4분기,72.9075682867653,4.9916302719847,7.16
서울,서울>도심>북촌,202404,2024년 4분기,97.4859129905071,10.0678025870774,7.5
서울,서울>도심>서촌,202404,2024년 4분기,43.6521941549275,7.78558719983848,7.5
서울,서울>도심>시청,202404,2024년 4분기,95.7536094967034,4.26961685553769,7.27857142857143
서울,서울>도심>을지로,202404,2024년 4분기,68.0119859091275,2.5903100817027,7.025
서울,서울>도심>종로,202404,2024년 4분기,69.5309583615415,7.78940261315619,7.52631578947368
서울,서울>도심>충무로,202404,2024년 4분기,51.9903735804457,1.01701407087852,7
서울,서울>영등포신촌,202404,2024년 4분기,47.0352784159349,3.24269039844398,6.9986301369863
서울,서울>영등포신촌>공덕역,202404,2024년 4분기,59.1594859864408,1.10480177042768,7
서울,서울>영등포신촌>당산역,202404,2024년 4분기,38.3232987698368,0,6.73333333333333
서울,서울>영등포신촌>동교/연남,202404,2024년 4분기,55.1880182042305,2.35029045702892,7.08888888888889
서울,서울>영등포신촌>망원역,202404,2024년 4분기,40.6282200635375,3.78525752758945,7
서울,서울>영등포신촌>신촌/이대,202404,2024년 4분기,40.7993934361488,9.49302143208723,7
서울,서울>영등포신촌>영등포역,202404,2024년 4분기,37.9658890257501,1.59010095697609,6.76086956521739
서울,서울>영등포신촌>홍대/합정,202404,2024년 4분기,60.545952575265,4.63510000394951,7.56
경기,경기,202501,2025년 1분기,24.0173402017386,6.89817481507419,6.95295031055901
경기,경기>고양시청,202501,2025년 1분기,20.5462084601157,0,6.5
경기,경기>광명철산,202501,2025년 1분기,37.7510507597801,3.62633761274419,7
경기,경기>광주시가지,202501,2025년 1분기,24.0168382643456,6.50107872061136,7.5
경기,경기>구리역,202501,2025년 1분기,35.1355758158979,1.29286140476954,6.99
경기,경기>기흥역,202501,2025년 1분기,29.0877763084609,3.19643549012011,6.62222222222222
경기,경기>김량장동,202501,2025년 1분기,22.4944243100084,0,6.5
경기,경기>동두천중앙로,202501,2025년 1분기,14.2097160545687,12.7446530035629,7.8047619047619
경기,경기>모란,202501,2025년 1분기,46.783553895877,0,6.5
경기,경기>병점역,202501,2025년 1분기,24.6705255457352,0,6.5
경기,경기>부천역,202501,2025년 1분기,27.5286643479447,2.89343383037218,7.14285714285714
경기,경기>성남구시가지,202501,2025년 1분기,28.432268636315,11.2155010787733,6.59368421052632
경기,경기>수원역,202501,2025년 1분기,51.1556549667355,5.04437123438103,6.28823529411765
경기,경기>수원파장동,202501,2025년 1분기,20.2039930555556,25.0174378051616,6.6
경기,경기>신장/지산/서정,202501,2025년 1분기,16.7854185686079,11.0574493176841,7
경기,경기>신천역,202501,2025년 1분기,20.6172011474,14.7944737703285,7
경기,경기>안성 서인사거리,202501,2025년 1분기,12.7859124544148,17.7660400151981,7
경기,경기>안양역,202501,2025년 1분기,33.5415779129879,7.23034958376758,7.16666666666667
경기,경기>양주덕정역,202501,2025년 1분기,22.5055550632309,5.75999331690405,7.70555555555555
경기,경기>여주시청,202501,2025년 1분기,17.8121609626196,14.0765183897788,7.09375
경기,경기>오산시청,202501,2025년 1분기,19.551699448477,8.45067108039629,6.5
경기,경기>용인수지,202501,2025년 1분기,25.0609431333989,7.39272057782184,6.97142857142857
경기,경기>의정부역,202501,2025년 1분기,34.1055886549193,8.19934773591296,7.35
경기,경기>이천종합터미널,202501,2025년 1분기,17.2463218313202,0,7.27142857142857
경기,경기>인계동,202501,2025년 1분기,25.1528827050352,2.1514942131629,6.5
경기,경기>인덕원,202501,2025년 1분기,30.9818259424001,9.71046947147302,7
경기,경기>탄현역,202501,2025년 1분기,20.3798698938799,0,6.5
경기,경기>파주시청,202501,2025년 1분기,24.067027817189,15.8634401342806,6.75384615384615
경기,경기>팔달문로터리,202501,2025년 1분기,30.8354757360124,14.0142915047464,6.55161290322581
경기,경기>평택역,202501,2025년 1분기,20.8508794961865,5.58365014214342,6.75925925925926
경기,경기>포천소흘읍,202501,2025년 1분기,17.5512565605609,8.10607852412488,7.634
경기,경기>포천시외버스터미널,202501,2025년 1분기,14.5173380890362,9.34124993601884,7.86058823529412
경기,경기>하남원도심,202501,2025년 1분기,39.5259991046565,1.28538079953312,7
경기,경기>화성남양읍,202501,2025년 1분기,18.2159523038351,0,7
경기,경기>화성봉담읍,202501,2025년 1분기,24.8674683216964,5.50490201686248,7
서울,서울,202501,2025년 1분기,51.4009289451798,5.2657754574563,7.05418006430868
서울,서울>강남,202501,2025년 1분기,61.9540285316258,4.02120869849712,7.74911764705882
서울,서울>강남>강남대로,202501,2025년 1분기,80.0432711659734,15.0108026184257,7.5
서울,서울>강남>교대역,202501,2025년 1분기,44.0427802907274,0,7.49857142857143
서울,서울>강남>남부터미널,202501,2025년 1분기,42.1660725630454,0,7.575
서울,서울>강남>논현역,202501,2025년 1분기,68.5158688865765,0,7.64285714285714
서울,서울>강남>도산대로,202501,2025년 1분기,54.6836634473727,0,7.94166666666667
서울,서울>강남>신사역,202501,2025년 1분기,70.8006715430511,7.55694379411922,7.525
서울,서울>강남>압구정,202501,2025년 1분기,58.3776205951698,0,8
서울,서울>강남>청담,202501,2025년 1분기,66.2789929293597,9.62561827272362,7.96111111111111
서울,서울>강남>테헤란로,202501,2025년 1분기,71.8055934653606,1.02278217866003,7.89285714285714
서울,서울>기타,202501,2025년 1분기,44.2208548210166,5.05075516683919,6.85062650602409
서울,서울>기타>가락시장,202501,2025년 1분기,30.9076092100904,0,7.87777777777778
서울,서울>기타>건대입구,202501,2025년 1분기,50.3742623585179,5.07732663866493,5.89285714285714
서울,서울>기타>경희대,202501,2025년 1분기,47.3115099402718,0,6
서울,서울>기타>군자,202501,2025년 1분기,35.1771451601084,6.7905987315749,5.87142857142857
서울,서울>기타>까치산역,202501,2025년 1분기,30.4418103448276,3.66018633675896,6
서울,서울>기타>노량진,202501,2025년 1분기,30.3935944593565,5.04323870592061,7.50909090909091
서울,서울>기타>독산/시흥,202501,2025년 1분기,31.2141220616622,7.87798706289781,7
서울,서울>기타>뚝섬,202501,2025년 1분기,59.1358848092604,1.87741914609925,6.47
서울,서울>기타>목동,202501,2025년 1분기,40.3561764060557,4.3426149656733,6.875
서울,서울>기타>미아사거리,202501,2025년 1분기,40.019498904856,10.1135139510701,6.03846153846154
서울,서울>기타>불광역,202501,2025년 1분기,39.456987391631,7.51354981054247,7.5
서울,서울>기타>사당,202501,2025년 1분기,45.1803133426526,3.43603854693183,7.89181818181818
서울,서울>기타>상계역,202501,2025년 1분기,24.5470640577556,5.19060727394061,6
서울,서울>기타>상봉역,202501,2025년 1분기,44.6656740961312,0,6
서울,서울>기타>서울대입구역,202501,2025년 1분기,67.2769995637394,2.96552026159056,7
서울,서울>기타>성신여대,202501,2025년 1분기,58.3220699482408,4.58711189671073,7.5
서울,서울>기타>수유,202501,2025년 1분기,40.0134096792798,8.70219253666328,5.73333333333333
서울,서울>기타>숙명여대,202501,2025년 1분기,45.3314028885612,0,7.5
서울,서울>기타>신림역,202501,2025년 1분기,66.949218353315,0.870842889908257,6.22222222222222
서울,서울>기타>약수역,202501,2025년 1분기,74.4697631527859,7.98867880361342,7.07142857142857
서울,서울>기타>연신내,202501,2025년 1분기,44.6371310968855,3.00228942924462,7.5
서울,서울>기타>오류동역,202501,2025년 1분기,55.5175773530016,10.4974458539896,6.90909090909091
서울,서울>기타>왕십리,202501,2025년 1분기,43.5061370142347,0,6
서울,서울>기타>용산역,202501,2025년 1분기,38.7187071385538,11.3900263645033,7.5
서울,서울>기타>이태원,202501,2025년 1분기,66.8413461538462,3.85089245838018,7.5
서울,서울>기타>잠실/송파,202501,2025년 1분기,36.5420759783896,6.74292826576504,7.71666666666667
서울,서울>기타>잠실새내역,202501,2025년 1분기,33.793631163449,16.6724518958196,7.3375
서울,서울>기타>장안동,202501,2025년 1분기,34.4351148429517,12.5968228200371,6
서울,서울>기타>천호,202501,2025년 1분기,56.2396092653051,0,7.91666666666667
서울,서울>기타>청량리,202501,2025년 1분기,40.4639523171656,0,6.01219512195122
서울,서울>기타>혜화동,202501,2025년 1분기,60.6456550227282,0.554602620580407,7.48125
서울,서울>기타>화곡,202501,2025년 1분기,29.842349029155,10.4002571933773,7
서울,서울>도심,202501,2025년 1분기,71.7941994980476,6.12060176326805,7.31858407079646
서울,서울>도심>광화문,202501,2025년 1분기,91.3686800118412,0.944655669105075,7.4
서울,서울>도심>남대문,202501,2025년 1분기,69.4051730521951,16.4799303202891,7
서울,서울>도심>동대문,202501,2025년 1분기,52.8697449725724,6.29751894655911,7.28048780487805
서울,서울>도심>명동,202501,2025년 1분기,139.502274866646,1.19500359308513,7.5
서울,서울>도심>방산시장,202501,2025년 1분기,72.8441731235814,10.5018060992033,7.16
서울,서울>도심>북촌,202501,2025년 1분기,97.4351489923346,10.0678025870774,7.5
서울,서울>도심>서촌,202501,2025년 1분기,43.5245396930286,4.03159661320648,7.5
서울,서울>도심>시청,202501,2025년 1분기,95.7237130579672,4.26961685553769,7.27857142857143
서울,서울>도심>을지로,202501,2025년 1분기,67.7535087882221,2.5903100817027,7.025
서울,서울>도심>종로,202501,2025년 1분기,69.4898323958722,7.78940261315619,7.52631578947368
서울,서울>도심>충무로,202501,2025년 1분기,51.5464506146406,1.01701407087852,7
서울,서울>영등포신촌,202501,2025년 1분기,46.9717340826935,3.64670880729421,6.9986301369863
서울,서울>영등포신촌>공덕역,202501,2025년 1분기,59.2352034720212,1.10480177042768,7
서울,서울>영등포신촌>당산역,202501,2025년 1분기,38.3363065373323,0,6.73333333333333
서울,서울>영등포신촌>동교/연남,202501,2025년 1분기,55.0881855294178,2.35029045702892,7.08888888888889
서울,서울>영등포신촌>망원역,202501,2025년 1분기,40.55116786067,10.8443075450199,7
서울,서울>영등포신촌>신촌/이대,202501,2025년 1분기,40.7378547049878,8.41869721119191,7
서울,서울>영등포신촌>영등포역,202501,2025년 1분기,38.0227492523379,0,6.76086956521739
서울,서울>영등포신촌>홍대/합정,202501,2025년 1분기,60.1970755197648,4.63510000394951,7.56
경기,경기,202502,2025년 2분기,23.9887467544882,6.74117244554784,6.94650621118013
경기,경기>고양시청,202502,2025년 2분기,20.5362647415627,0,6.5
경기,경기>광명철산,202502,2025년 2분기,37.6023278370514,3.62633761274419,7
경기,경기>광주시가지,202502,2025년 2분기,23.9232148805789,2.88980154140078,7.3
경기,경기>구리역,202502,2025년 2분기,35.1355758158979,1.29286140476954,6.99
경기,경기>기흥역,202502,2025년 2분기,29.1860155200869,9.58930647036032,6.62222222222222
경기,경기>김량장동,202502,2025년 2분기,22.2156398104265,1.54001867706021,6.5
경기,경기>동두천중앙로,202502,2025년 2분기,14.1592404784766,10.4739324185356,7.8047619047619
경기,경기>모란,202502,2025년 2분기,46.0416120719776,0,6.35
경기,경기>병점역,202502,2025년 2분기,24.6506344165158,0,6.5
경기,경기>부천역,202502,2025년 2분기,28.1522134531471,2.37160435801295,7.10952380952381
경기,경기>성남구시가지,202502,2025년 2분기,28.339632584834,9.55930343253613,6.59368421052632
경기,경기>수원역,202502,2025년 2분기,51.1524687109684,2.2319176089989,6.28823529411765
경기,경기>수원파장동,202502,2025년 2분기,20.0868055555556,25.0174378051616,6.6
경기,경기>신장/지산/서정,202502,2025년 2분기,16.7531474915607,7.52690396739307,7
경기,경기>신천역,202502,2025년 2분기,20.5967389286134,14.7944737703285,7
경기,경기>안성 서인사거리,202502,2025년 2분기,12.9263188584486,18.1547421517223,7
경기,경기>안양역,202502,2025년 2분기,33.4784686380161,7.23034958376758,7.16666666666667
경기,경기>양주덕정역,202502,2025년 2분기,22.485862076888,18.0794453030366,7.70555555555555
경기,경기>여주시청,202502,2025년 2분기,17.7174770687445,9.74975339377143,7.09375
경기,경기>오산시청,202502,2025년 2분기,19.4479321777118,8.45067108039629,6.5
경기,경기>용인수지,202502,2025년 2분기,25.0993526712553,3.69636028891092,6.97142857142857
경기,경기>의정부역,202502,2025년 2분기,34.0447590989561,8.4347184114287,7.35
경기,경기>이천종합터미널,202502,2025년 2분기,17.2141723490876,0,7.27142857142857
경기,경기>인계동,202502,2025년 2분기,25.1339008896144,2.1514942131629,6.5
경기,경기>인덕원,202502,2025년 2분기,31.0155232061823,9.71046947147302,7
경기,경기>탄현역,202502,2025년 2분기,20.3523858845762,0,6.5
경기,경기>파주시청,202502,2025년 2분기,23.9896384195365,15.8634401342806,6.75384615384615
경기,경기>팔달문로터리,202502,2025년 2분기,30.7703862046979,11.6466409861762,6.55161290322581
경기,경기>평택역,202502,2025년 2분기,20.7028095694912,7.89742333507158,6.75925925925926
경기,경기>포천소흘읍,202502,2025년 2분기,17.5506131054644,10.0130085146641,7.634
경기,경기>포천시외버스터미널,202502,2025년 2분기,14.2372176666945,14.2667270958839,7.86058823529412
경기,경기>하남원도심,202502,2025년 2분기,39.4235657432489,1.28538079953312,7
경기,경기>화성남양읍,202502,2025년 2분기,18.1709672388767,0,7
경기,경기>화성봉담읍,202502,2025년 2분기,24.8157486423584,9.3258439820164,7
서울,서울,202502,2025년 2분기,51.5737229051542,5.07669224661225,7.04918542336549
서울,서울>강남,202502,2025년 2분기,62.237006998463,4.00957601781517,7.72985294117647
서울,서울>강남>강남대로,202502,2025년 2분기,80.3787065611163,15.0108026184257,7.5
서울,서울>강남>교대역,202502,2025년 2분기,44.5694320964547,0.483150138905665,7.39857142857143
서울,서울>강남>남부터미널,202502,2025년 2분기,42.1647434721702,0,7.525
서울,서울>강남>논현역,202502,2025년 2분기,68.7543357613597,0,7.64285714285714
서울,서울>강남>도산대로,202502,2025년 2분기,54.7655099034212,0,7.94166666666667
서울,서울>강남>신사역,202502,2025년 2분기,70.7117357765185,19.8240862025024,7.525
서울,서울>강남>압구정,202502,2025년 2분기,59.0467087236347,0,8
서울,서울>강남>청담,202502,2025년 2분기,66.5464478843146,0,7.92666666666667
서울,서울>강남>테헤란로,202502,2025년 2분기,71.9269048413348,1.02278217866003,7.89285714285714
서울,서울>기타,202502,2025년 2분기,44.195861164861,5.31042432996835,6.84785542168675
서울,서울>기타>가락시장,202502,2025년 2분기,30.9519795068389,0,7.87777777777778
서울,서울>기타>건대입구,202502,2025년 2분기,50.3258924252684,15.150308180048,5.89285714285714
서울,서울>기타>경희대,202502,2025년 2분기,47.3836454395937,0,6
서울,서울>기타>군자,202502,2025년 2분기,35.1845872719279,6.7905987315749,5.87142857142857
서울,서울>기타>까치산역,202502,2025년 2분기,30.3520114942529,7.20909428116341,6
서울,서울>기타>노량진,202502,2025년 2분기,30.2434642138925,1.73676974139365,7.50909090909091
서울,서울>기타>독산/시흥,202502,2025년 2분기,31.1719074164276,7.87798706289781,7
서울,서울>기타>뚝섬,202502,2025년 2분기,59.4809148051789,4.11439945709633,6.47
서울,서울>기타>목동,202502,2025년 2분기,40.3591018796168,4.3426149656733,6.875
서울,서울>기타>미아사거리,202502,2025년 2분기,39.8365297291522,5.99637602196803,6
서울,서울>기타>불광역,202502,2025년 2분기,39.4062290621891,7.51354981054247,7.5
서울,서울>기타>사당,202502,2025년 2분기,45.2834368387683,3.43603854693183,7.89181818181818
서울,서울>기타>상계역,202502,2025년 2분기,24.5378906715836,2.5953036369703,6
서울,서울>기타>상봉역,202502,2025년 2분기,44.6212306393191,0,6
서울,서울>기타>서울대입구역,202502,2025년 2분기,67.4001028020025,2.96552026159056,7
서울,서울>기타>성신여대,202502,2025년 2분기,58.3639802183525,0,7.5
서울,서울>기타>수유,202502,2025년 2분기,39.1254420757526,8.55452848178958,5.7
서울,서울>기타>숙명여대,202502,2025년 2분기,45.4202270345171,0,7.5
서울,서울>기타>신림역,202502,2025년 2분기,66.9312975275234,0.870842889908257,6.22222222222222
서울,서울>기타>약수역,202502,2025년 2분기,74.3787614055523,7.98867880361342,7.07142857142857
서울,서울>기타>연신내,202502,2025년 2분기,44.5671692261051,3.00228942924462,7.5
서울,서울>기타>오류동역,202502,2025년 2분기,55.496233142026,15.6924468907278,6.90909090909091
서울,서울>기타>왕십리,202502,2025년 2분기,43.664954315517,2.40965502159532,6
서울,서울>기타>용산역,202502,2025년 2분기,39.1096676194993,11.3900263645033,7.5
서울,서울>기타>이태원,202502,2025년 2분기,66.8669871794872,3.85089245838018,7.5
서울,서울>기타>잠실/송파,202502,2025년 2분기,36.6275801680949,6.74292826576504,7.71666666666667
서울,서울>기타>잠실새내역,202502,2025년 2분기,33.9427468662902,15.5836717692388,7.3375
서울,서울>기타>장안동,202502,2025년 2분기,34.5150828557466,12.5968228200371,6
서울,서울>기타>천호,202502,2025년 2분기,56.3038200575995,1.68427139293615,7.90833333333333
서울,서울>기타>청량리,202502,2025년 2분기,40.5058340169396,0,6.01219512195122
서울,서울>기타>혜화동,202502,2025년 2분기,59.4981481844369,0.558531852759409,7.48125
서울,서울>기타>화곡,202502,2025년 2분기,29.812659580785,6.16804831561301,7
서울,서울>도심,202502,2025년 2분기,72.4991772742895,4.20064027691528,7.30973451327434
서울,서울>도심>광화문,202502,2025년 2분기,91.3435855033703,0.944655669105075,7.3
서울,서울>도심>남대문,202502,2025년 2분기,75.6084838942969,3.30372945134493,7
서울,서울>도심>동대문,202502,2025년 2분기,52.8827506777417,10.8965597197984,7.28048780487805
서울,서울>도심>명동,202502,2025년 2분기,140.035691873235,1.19500359308513,7.5
서울,서울>도심>방산시장,202502,2025년 2분기,72.7596462393363,10.5018060992033,7.16
서울,서울>도심>북촌,202502,2025년 2분기,97.6382049850246,0,7.5
서울,서울>도심>서촌,202502,2025년 2분기,43.6296668969453,2.51738192280029,7.5
서울,서울>도심>시청,202502,2025년 2분기,95.7787225052418,4.26961685553769,7.27857142857143
서울,서울>도심>을지로,202502,2025년 2분기,67.9020944385629,2.5903100817027,7.025
서울,서울>도심>종로,202502,2025년 2분기,70.0541680305337,2.55841611463175,7.52105263157895
서울,서울>도심>충무로,202502,2025년 2분기,51.4815036855598,1.01701407087852,7
서울,서울>영등포신촌,202502,2025년 2분기,47.0956471214655,3.66403480928953,6.9986301369863
서울,서울>영등포신촌>공덕역,202502,2025년 2분기,59.145340961662,1.10480177042768,7
서울,서울>영등포신촌>당산역,202502,2025년 2분기,38.5230609135169,0,6.73333333333333
서울,서울>영등포신촌>동교/연남,202502,2025년 2분기,55.2428558706769,2.35029045702892,7.08888888888889
서울,서울>영등포신촌>망원역,202502,2025년 2분기,40.62455091102,10.1788306546024,7
서울,서울>영등포신촌>신촌/이대,202502,2025년 2분기,40.7770693334744,8.4676973028816,7
서울,서울>영등포신촌>영등포역,202502,2025년 2분기,38.0198457102399,0.432232346241458,6.76086956521739
서울,서울>영등포신촌>홍대/합정,202502,2025년 2분기,60.5961142197553,4.63510000394951,7.56
경기,경기,202503,2025년 3분기,23.9447065455348,6.92293014586855,6.94076086956522
경기,경기>고양시청,202503,2025년 3분기,20.5163773044568,0,6.5
경기,경기>광명철산,202503,2025년 3분기,37.3982541222114,3.62633761274419,7
경기,경기>광주시가지,202503,2025년 3분기,23.8483663369393,2.02123970664964,7.3
경기,경기>구리역,202503,2025년 3분기,35.0387549908329,0,6.99
경기,경기>기흥역,202503,2025년 3분기,29.564465200382,3.18218831697596,6.6
경기,경기>김량장동,202503,2025년 3분기,22.1389740730415,1.54001867706021,6.5
경기,경기>동두천중앙로,202503,2025년 3분기,14.1324411905905,11.8669041955354,7.8047619047619
경기,경기>모란,202503,2025년 3분기,46.2053961390636,0,6.35
경기,경기>병점역,202503,2025년 3분기,24.7081729338999,0,6.5
경기,경기>부천역,202503,2025년 3분기,28.1204901594961,3.5869146526347,7.10952380952381
경기,경기>성남구시가지,202503,2025년 3분기,28.1628521199246,13.6948090010019,6.59368421052632
경기,경기>수원역,202503,2025년 3분기,51.2641151130484,2.2319176089989,6.28823529411765
경기,경기>수원파장동,202503,2025년 3분기,20.0607638888889,9.69929473765791,6.6
경기,경기>신장/지산/서정,202503,2025년 3분기,16.668365144406,6.59586856735819,6.98148148148148
경기,경기>신천역,202503,2025년 3분기,20.5171636333322,17.4195751461947,7
경기,경기>안성 서인사거리,202503,2025년 3분기,12.922103639929,18.1547421517223,7
경기,경기>안양역,202503,2025년 3분기,33.2365497506242,7.23034958376758,7.16666666666667
경기,경기>양주덕정역,202503,2025년 3분기,22.456695943573,23.3465602940562,7.70555555555555
경기,경기>여주시청,202503,2025년 3분기,17.6652036690009,9.74975339377143,7.09375
경기,경기>오산시청,202503,2025년 3분기,19.3752950881762,4.19944932970403,6.5
경기,경기>용인수지,202503,2025년 3분기,25.1070345788266,3.69636028891092,6.97142857142857
경기,경기>의정부역,202503,2025년 3분기,33.991109494043,13.2030200512221,7.35
경기,경기>이천종합터미널,202503,2025년 3분기,17.2045275044179,0,7.27142857142857
경기,경기>인계동,202503,2025년 3분기,25.5362979892692,2.20833333333333,6.5
경기,경기>인덕원,202503,2025년 3분기,31.1840095250932,9.71046947147302,7
경기,경기>탄현역,202503,2025년 3분기,20.2608028056404,0,6.5
경기,경기>파주시청,202503,2025년 3분기,23.6972784728492,19.3390646194248,6.75384615384615
경기,경기>팔달문로터리,202503,2025년 3분기,30.7250176773766,14.5440579143247,6.55161290322581
경기,경기>평택역,202503,2025년 3분기,20.5354852800342,7.91614940215112,6.75925925925926
경기,경기>포천소흘읍,202503,2025년 3분기,17.5531869258504,8.10607852412488,7.634
경기,경기>포천시외버스터미널,202503,2025년 3분기,14.180522234556,19.1966309013968,7.86058823529412
경기,경기>하남원도심,202503,2025년 3분기,39.3336520149021,1.28538079953312,7
경기,경기>화성남양읍,202503,2025년 3분기,18.2339463298185,0,7
경기,경기>화성봉담읍,202503,2025년 3분기,24.7484053098871,1.3933854232208,7
서울,서울,202503,2025년 3분기,51.7874702436584,6.59908753138057,7.04446945337621
서울,서울>강남,202503,2025년 3분기,62.9762900464068,5.52800970109064,7.71352941176471
서울,서울>강남>강남대로,202503,2025년 3분기,81.6365892929022,0,7.5
서울,서울>강남>교대역,202503,2025년 3분기,45.0627366194922,0.486819365674366,7.35571428571428
서울,서울>강남>남부터미널,202503,2025년 3분기,42.4239161928458,0,7.475
서울,서울>강남>논현역,202503,2025년 3분기,69.005809920222,0,7.62857142857143
서울,서울>강남>도산대로,202503,2025년 3분기,55.8220142714071,0,7.99166666666667
서울,서울>강남>신사역,202503,2025년 3분기,70.8192908438808,26.7527664341301,7.4375
서울,서울>강남>압구정,202503,2025년 3분기,59.9069648888039,0,8
서울,서울>강남>청담,202503,2025년 3분기,67.484197720793,12.3242469019409,7.92555555555556
서울,서울>강남>테헤란로,202503,2025년 3분기,72.465879885005,1.02678444048604,7.89285714285714
서울,서울>기타,202503,2025년 3분기,44.2995891923185,6.32544872200403,6.8401686746988
서울,서울>기타>가락시장,202503,2025년 3분기,30.990433764021,0,7.86666666666667
서울,서울>기타>건대입구,202503,2025년 3분기,50.3171589650984,18.1958995156021,5.89285714285714
서울,서울>기타>경희대,202503,2025년 3분기,47.3692183397294,3.97658356639501,6
서울,서울>기타>군자,202503,2025년 3분기,35.2258051220048,6.7905987315749,5.87142857142857
서울,서울>기타>까치산역,202503,2025년 3분기,30.3632363505747,3.66018633675896,6
서울,서울>기타>노량진,202503,2025년 3분기,30.2235807536347,1.73676974139365,7.43636363636364
서울,서울>기타>독산/시흥,202503,2025년 3분기,31.3065800425754,11.3540776053407,7
서울,서울>기타>뚝섬,202503,2025년 3분기,60.4841746131516,7.58919329429829,6.47
서울,서울>기타>목동,202503,2025년 3분기,40.382505668105,1.64825681739731,6.875
서울,서울>기타>미아사거리,202503,2025년 3분기,39.7083177520167,9.74924811795986,6
서울,서울>기타>불광역,202503,2025년 3분기,39.3681603151077,7.51354981054247,7.5
서울,서울>기타>사당,202503,2025년 3분기,45.47076830824,3.43603854693183,7.82909090909091
서울,서울>기타>상계역,202503,2025년 3분기,24.5232132537083,2.5953036369703,6
서울,서울>기타>상봉역,202503,2025년 3분기,44.6212306393191,8.06090532365877,6
서울,서울>기타>서울대입구역,202503,2025년 3분기,67.5037686868556,2.96552026159056,7
서울,서울>기타>성신여대,202503,2025년 3분기,58.2906372456571,0,7.5
서울,서울>기타>수유,202503,2025년 3분기,39.0951066416905,8.55452848178958,5.7
서울,서울>기타>숙명여대,202503,2025년 3분기,44.479603162994,0,7.5
서울,서울>기타>신림역,202503,2025년 3분기,67.0226937390608,0.870842889908257,6.22222222222222
서울,서울>기타>약수역,202503,2025년 3분기,74.2877596583187,7.98867880361342,7.07142857142857
서울,서울>기타>연신내,202503,2025년 3분기,44.5278156737911,3.00228942924462,7.5
서울,서울>기타>오류동역,202503,2025년 3분기,55.4582878780692,10.4974458539896,6.90909090909091
서울,서울>기타>왕십리,202503,2025년 3분기,43.7237755382142,0,6
서울,서울>기타>용산역,202503,2025년 3분기,39.583070717257,14.3757766547925,7.5
서울,서울>기타>이태원,202503,2025년 3분기,67.5080128205128,3.85089245838018,7.5
서울,서울>기타>잠실/송파,202503,2025년 3분기,36.9078439010178,6.74292826576504,7.69444444444444
서울,서울>기타>잠실새내역,202503,2025년 3분기,34.1003443797516,15.5836717692388,7.3125
서울,서울>기타>장안동,202503,2025년 3분기,34.5061975209916,12.5968228200371,6
서울,서울>기타>천호,202503,2025년 3분기,56.5521568222083,3.96358477499344,7.84166666666667
서울,서울>기타>청량리,202503,2025년 3분기,40.5992890494931,1.9641775257656,6.01219512195122
서울,서울>기타>혜화동,202503,2025년 3분기,59.537340048206,3.32276284860164,7.48125
서울,서울>기타>화곡,202503,2025년 3분기,29.7999355314835,6.16804831561301,7
서울,서울>도심,202503,2025년 3분기,72.7339737972928,5.05620270204546,7.30973451327434
서울,서울>도심>광화문,202503,2025년 3분기,91.3640013746687,0.944655669105075,7.3
서울,서울>도심>남대문,202503,2025년 3분기,76.1412873042387,2.98377367114711,7
서울,서울>도심>동대문,202503,2025년 3분기,53.0704663556858,14.9384923298471,7.28048780487805
서울,서울>도심>명동,202503,2025년 3분기,141.474348917477,1.19500359308513,7.5
서울,서울>도심>방산시장,202503,2025년 3분기,72.7244267042341,10.5018060992033,7.16
서울,서울>도심>북촌,202503,2025년 3분기,98.1120023013012,0,7.5
서울,서울>도심>서촌,202503,2025년 3분기,43.9375394227015,4.03159661320648,7.5
서울,서울>도심>시청,202503,2025년 3분기,95.8385153827143,5.32661127588836,7.27857142857143
서울,서울>도심>을지로,202503,2025년 3분기,67.9763872637334,2.5903100817027,7.025
서울,서울>도심>종로,202503,2025년 3분기,70.196391988322,2.52529978365105,7.52105263157895
서울,서울>도심>충무로,202503,2025년 3분기,51.5500191272275,1.01701407087852,7
서울,서울>영등포신촌,202503,2025년 3분기,47.3754914803291,7.69555784549281,6.9986301369863
서울,서울>영등포신촌>공덕역,202503,2025년 3분기,59.3200736206937,3.18230944742756,7
서울,서울>영등포신촌>당산역,202503,2025년 3분기,39.6513558384062,0,6.73333333333333
서울,서울>영등포신촌>동교/연남,202503,2025년 3분기,55.4551760664051,2.35029045702892,7.08888888888889
서울,서울>영등포신촌>망원역,202503,2025년 3분기,40.7639787066849,8.02682719974193,7
서울,서울>영등포신촌>신촌/이대,202503,2025년 3분기,40.8458560417659,15.1025716710327,7
서울,서울>영등포신촌>영등포역,202503,2025년 3분기,38.0539266986716,4.03269354186634,6.76086956521739
서울,서울>영등포신촌>홍대/합정,202503,2025년 3분기,61.0313076295298,14.2433317148081,7.56
경기,경기,202504,2025년 4분기,23.9165316478519,7.33860050991646,6.94076086956522
경기,경기>고양시청,202504,2025년 4분기,20.4964898673508,0,6.5
경기,경기>광명철산,202504,2025년 4분기,37.4603297769156,3.62633761274419,7
경기,경기>광주시가지,202504,2025년 4분기,23.771453115738,3.79456400916477,7.3
경기,경기>구리역,202504,2025년 4분기,35.0219165864738,0,6.99
경기,경기>기흥역,202504,2025년 4분기,29.6664321426993,3.18218831697596,6.6
경기,경기>김량장동,202504,2025년 4분기,21.8950376359074,7.31760508642334,6.5
경기,경기>동두천중앙로,202504,2025년 4분기,14.1138882221155,18.1716336515389,7.8047619047619
경기,경기>모란,202504,2025년 4분기,45.6812871243885,0,6.35
경기,경기>병점역,202504,2025년 4분기,24.7947553270372,0,6.5
경기,경기>부천역,202504,2025년 4분기,28.8118558903603,4.23518422045377,7.10952380952381
경기,경기>성남구시가지,202504,2025년 4분기,28.0296629403584,13.4727313720742,6.59368421052632
경기,경기>수원역,202504,2025년 4분기,50.926499451964,2.2319176089989,6.28823529411765
경기,경기>수원파장동,202504,2025년 4분기,19.9565972222222,9.69929473765791,6.6
경기,경기>신장/지산/서정,202504,2025년 4분기,16.6641189500577,6.59586856735819,6.98148148148148
경기,경기>신천역,202504,2025년 4분기,20.4507639938331,17.5743569131833,7
경기,경기>안성 서인사거리,202504,2025년 4분기,12.8925971102921,19.790767903365,7
경기,경기>안양역,202504,2025년 4분기,33.1546000591938,7.29629894116349,7.16666666666667
경기,경기>양주덕정역,202504,2025년 4분기,22.4334336034555,17.820475335199,7.70555555555555
경기,경기>여주시청,202504,2025년 4분기,17.6637242331591,14.5938043120861,7.09375
경기,경기>오산시청,202504,2025년 4분기,19.2663394538729,4.19944932970403,6.5
경기,경기>용인수지,202504,2025년 4분기,25.1377622091118,3.69636028891092,6.97142857142857
경기,경기>의정부역,202504,2025년 4분기,33.9762863692946,15.0899812388451,7.35
경기,경기>이천종합터미널,202504,2025년 4분기,17.143443488176,0,7.27142857142857
경기,경기>인계동,202504,2025년 4분기,25.5607158670626,0,6.5
경기,경기>인덕원,202504,2025년 4분기,31.2585103485839,16.1709042626979,7
경기,경기>탄현역,202504,2025년 4분기,20.1681294519552,0,6.5
경기,경기>파주시청,202504,2025년 4분기,23.5998251572868,10.9332127616086,6.75384615384615
경기,경기>팔달문로터리,202504,2025년 4분기,30.6927522074581,14.5440579143247,6.55161290322581
경기,경기>평택역,202504,2025년 4분기,20.2613325872538,9.04081196143257,6.75925925925926
경기,경기>포천소흘읍,202504,2025년 4분기,17.5502913779162,9.52518921475875,7.634
경기,경기>포천시외버스터미널,202504,2025년 4분기,14.1160684801248,19.1966309013968,7.86058823529412
경기,경기>하남원도심,202504,2025년 4분기,39.2198371688936,1.28538079953312,7
경기,경기>화성남양읍,202504,2025년 4분기,18.2241995657442,0,7
경기,경기>화성봉담읍,202504,2025년 4분기,24.6983018705284,1.3933854232208,7
서울,서울,202504,2025년 4분기,52.2198637333244,5.92186617648155,7.04393354769561
서울,서울>강남,202504,2025년 4분기,63.7348530161051,4.68599418229401,7.70617647058824
서울,서울>강남>강남대로,202504,2025년 4분기,84.3245392621279,0,7.5
서울,서울>강남>교대역,202504,2025년 4분기,45.2590344193834,0.486819365674366,7.35571428571428
서울,서울>강남>남부터미널,202504,2025년 4분기,43.0153616323363,1.99123855037834,7.39166666666667
서울,서울>강남>논현역,202504,2025년 4분기,69.9505322203083,0,7.62857142857143
서울,서울>강남>도산대로,202504,2025년 4분기,55.9628505257887,0,7.99166666666667
서울,서울>강남>신사역,202504,2025년 4분기,73.6548517537967,27.4738117121449,7.4375
서울,서울>강남>압구정,202504,2025년 4분기,60.5760530172688,0,8
서울,서울>강남>청담,202504,2025년 4분기,68.2366872068426,5.82172222171859,7.92555555555556
서울,서울>강남>테헤란로,202504,2025년 4분기,72.5268313371733,1.02678444048604,7.89285714285714
서울,서울>기타,202504,2025년 4분기,44.7244880871835,6.37263216733175,6.8401686746988
서울,서울>기타>가락시장,202504,2025년 4분기,31.503067208345,0.638059774748539,7.86666666666667
서울,서울>기타>건대입구,202504,2025년 4분기,50.3332822761816,18.1958995156021,5.89285714285714
서울,서울>기타>경희대,202504,2025년 4분기,49.3372094743539,4.17425159151891,6
서울,서울>기타>군자,202504,2025년 4분기,36.4580372538988,6.83743606138107,5.87142857142857
서울,서울>기타>까치산역,202504,2025년 4분기,31.8946254263201,3.82995239671686,6
서울,서울>기타>노량진,202504,2025년 4분기,30.2542404312135,1.73676974139365,7.43636363636364
서울,서울>기타>독산/시흥,202504,2025년 4분기,31.4391679373007,11.3540776053407,7
서울,서울>기타>뚝섬,202504,2025년 4분기,61.9612704310987,5.27266406949698,6.47
서울,서울>기타>목동,202504,2025년 4분기,40.3927448255686,1.64825681739731,6.875
서울,서울>기타>미아사거리,202504,2025년 4분기,40.2269015714394,9.82264579651603,6
서울,서울>기타>불광역,202504,2025년 4분기,39.3783119809961,7.51354981054247,7.5
서울,서울>기타>사당,202504,2025년 4분기,47.7781045673173,3.39907067556688,7.82909090909091
서울,서울>기타>상계역,202504,2025년 4분기,24.8364980862844,2.61895241903239,6
서울,서울>기타>상봉역,202504,2025년 4분기,44.7767827381614,0,6
서울,서울>기타>서울대입구역,202504,2025년 4분기,68.4109062071443,5.05550722374653,7
서울,서울>기타>성신여대,202504,2025년 4분기,58.3115923807129,0,7.5
서울,서울>기타>수유,202504,2025년 4분기,39.0746934225195,8.55452848178958,5.7
서울,서울>기타>숙명여대,202504,2025년 4분기,44.5742520586135,0,7.5
서울,서울>기타>신림역,202504,2025년 4분기,67.7403956430905,4.98247919404293,6.22222222222222
서울,서울>기타>약수역,202504,2025년 4분기,74.4697631527859,15.0197376121213,7.07142857142857
서울,서울>기타>연신내,202504,2025년 4분기,44.6910600389454,3.00228942924462,7.5
서울,서울>기타>오류동역,202504,2025년 4분기,55.5526569590033,10.4974458539896,6.90909090909091
서울,서울>기타>왕십리,202504,2025년 4분기,43.7943610054508,0,6
서울,서울>기타>용산역,202504,2025년 4분기,40.0983234589689,17.2922707315053,7.5
서울,서울>기타>이태원,202504,2025년 4분기,68.0849358974359,3.85089245838018,7.5
서울,서울>기타>잠실/송파,202504,2025년 4분기,37.0342000924712,6.74292826576504,7.69444444444444
서울,서울>기타>잠실새내역,202504,2025년 4분기,34.1842504633075,17.3337035879991,7.3125
서울,서울>기타>장안동,202504,2025년 4분기,34.4973121862366,12.5968228200371,6
서울,서울>기타>천호,202504,2025년 4분기,56.6684469099857,1.68427139293615,7.84166666666667
서울,서울>기타>청량리,202504,2025년 4분기,40.623518132007,1.17154419566796,6.01219512195122
서울,서울>기타>혜화동,202504,2025년 4분기,60.0289977198374,0.561011702300988,7.48125
서울,서울>기타>화곡,202504,2025년 4분기,30.1390793759643,6.25625975356952,7
서울,서울>도심,202504,2025년 4분기,73.077261356957,5.3693936563512,7.30973451327434
서울,서울>도심>광화문,202504,2025년 4분기,91.6385948436315,0.944655669105075,7.3
서울,서울>도심>남대문,202504,2025년 4분기,76.5348898232949,2.98377367114711,7
서울,서울>도심>동대문,202504,2025년 4분기,53.0834720608551,13.3751723801272,7.28048780487805
서울,서울>도심>명동,202504,2025년 4분기,144.193206777534,5.29435037828323,7.5
서울,서울>도심>방산시장,202504,2025년 4분기,72.776082022384,10.5018060992033,7.16
서울,서울>도심>북촌,202504,2025년 4분기,98.7296309457333,25.9012294227964,7.5
서울,서울>도심>서촌,202504,2025년 4분기,44.2228846904755,4.03159661320648,7.5
서울,서울>도심>시청,202504,2025년 4분기,96.3252294053399,4.26961685553769,7.27857142857143
서울,서울>도심>을지로,202504,2025년 4분기,68.2395076862119,2.5903100817027,7.025
서울,서울>도심>종로,202504,2025년 4분기,70.3497648969284,0,7.52105263157895
서울,서울>도심>충무로,202504,2025년 4분기,51.6956144407713,1.01701407087852,7
서울,서울>영등포신촌,202504,2025년 4분기,47.6824577754579,5.39442686904347,7.00205479452055
서울,서울>영등포신촌>공덕역,202504,2025년 4분기,59.5896611517711,1.10480177042768,7
서울,서울>영등포신촌>당산역,202504,2025년 4분기,40.9136669833488,0,6.76666666666667
서울,서울>영등포신촌>동교/연남,202504,2025년 4분기,55.666090168122,0,7.08888888888889
서울,서울>영등포신촌>망원역,202504,2025년 4분기,40.974954976441,0.967777182311531,7
서울,서울>영등포신촌>신촌/이대,202504,2025년 4분기,40.8617298975254,15.1025716710327,7
서울,서울>영등포신촌>영등포역,202504,2025년 4분기,38.1592440627474,0,6.76086956521739
서울,서울>영등포신촌>홍대/합정,202504,2025년 4분기,61.4750679718464,14.2433317148081,7.56
경기,경기,202601,2026년 1분기,23.8922399045143,8.2587094842338,6.94076086956522
경기,경기>고양시청,202601,2026년 1분기,20.4268838374799,0,6.5
경기,경기>광명철산,202601,2026년 1분기,37.5102489492402,5.63447846758144,7
경기,경기>광주시가지,202601,2026년 1분기,23.7344051015116,10.3610814944924,7.3
경기,경기>구리역,202601,2026년 1분기,35.0109716236403,3.58781236629252,6.99
경기,경기>기흥역,202601,2026년 1분기,29.6664321426993,10.3514335919085,6.6
경기,경기>김량장동,202601,2026년 1분기,21.7695846110956,5.77758640936313,6.5
경기,경기>동두천중앙로,202601,2026년 1분기,14.1008361337814,18.1716336515389,7.8047619047619
경기,경기>모란,202601,2026년 1분기,45.6640897973445,0,6.35
경기,경기>병점역,202601,2026년 1분기,24.7747747747748,0,6.5
경기,경기>부천역,202601,2026년 1분기,28.780200882852,3.33734528535757,7.10952380952381
경기,경기>성남구시가지,202601,2026년 1분기,27.9418440067511,11.3959566774945,6.59368421052632
경기,경기>수원역,202601,2026년 1분기,50.9303229588846,2.2319176089989,6.28823529411765
경기,경기>수원파장동,202601,2026년 1분기,19.9409722222222,9.69929473765791,6.6
경기,경기>신장/지산/서정,202601,2026년 1분기,16.6350325187717,3.91034868014648,6.98148148148148
경기,경기>신천역,202601,2026년 1분기,20.4393155347957,17.7482368461109,7
경기,경기>안성 서인사거리,202601,2026년 1분기,12.8817956128357,19.790767903365,7
경기,경기>안양역,202601,2026년 1분기,32.842931159422,7.29629894116349,7.16666666666667
경기,경기>양주덕정역,202601,2026년 1분기,22.3864412147947,20.0568063155257,7.70555555555555
경기,경기>여주시청,202601,2026년 1분기,17.5946838938751,15.9325238386021,7.09375
경기,경기>오산시청,202601,2026년 1분기,19.2066728023405,0,6.5
경기,경기>용인수지,202601,2026년 1분기,25.1838536545395,3.69636028891092,6.97142857142857
경기,경기>의정부역,202601,2026년 1분기,33.9383442232767,16.4561586440214,7.35
경기,경기>이천종합터미널,202601,2026년 1분기,17.1378173287852,0,7.27142857142857
경기,경기>인계동,202601,2026년 1분기,25.6017379017555,0,6.5
경기,경기>인덕원,202601,2026년 1분기,31.6386392519971,9.71046947147302,7
경기,경기>탄현역,202601,2026년 1분기,20.162678078209,0,6.5
경기,경기>파주시청,202601,2026년 1분기,23.5403499720538,7.45758827646436,6.75384615384615
경기,경기>팔달문로터리,202601,2026년 1분기,30.4545494330883,19.8363848197746,6.55161290322581
경기,경기>평택역,202601,2026년 1분기,20.1950938491207,9.04081196143257,6.75925925925926
경기,경기>포천소흘읍,202601,2026년 1분기,17.5483610126267,11.8820955534532,7.634
경기,경기>포천시외버스터미널,202601,2026년 1분기,13.9859673832174,37.09624031817,7.86058823529412
경기,경기>하남원도심,202601,2026년 1분기,39.1356141828473,1.28538079953312,7
경기,경기>화성남양읍,202601,2026년 1분기,18.1882115137774,0,7
경기,경기>화성봉담읍,202601,2026년 1분기,24.5932462718731,1.3933854232208,7
서울,서울,202601,2026년 1분기,52.5397231818617,6.30625319623929,7.04189710610932
서울,서울>강남,202601,2026년 1분기,64.2366374321257,3.01146177025427,7.70323529411765
서울,서울>강남>강남대로,202601,2026년 1분기,84.6703087721725,0,7.5
서울,서울>강남>교대역,202601,2026년 1분기,46.0587263978192,0.491807309895983,7.32714285714286
서울,서울>강남>남부터미널,202601,2026년 1분기,43.8925616100075,1.99123855037834,7.39166666666667
서울,서울>강남>논현역,202601,2026년 1분기,70.1117441809107,0,7.62857142857143
서울,서울>강남>도산대로,202601,2026년 1분기,55.7802850108496,0,7.99166666666667
서울,서울>강남>신사역,202601,2026년 1분기,74.1378099164482,14.8760431186127,7.4375
서울,서울>강남>압구정,202601,2026년 1분기,61.3407251640859,0,8
서울,서울>강남>청담,202601,2026년 1분기,68.66240116608,4.88437236540327,7.92555555555556
서울,서울>강남>테헤란로,202601,2026년 1분기,72.9306347077886,1.02678444048604,7.89285714285714
서울,서울>기타,202601,2026년 1분기,44.9519571412071,7.45107669872493,6.8401686746988
서울,서울>기타>가락시장,202601,2026년 1분기,31.6291785646726,4.91207863514106,7.86666666666667
서울,서울>기타>건대입구,202601,2026년 1분기,51.4115253753361,11.196552576399,5.89285714285714
서울,서울>기타>경희대,202601,2026년 1분기,50.3768996042177,4.27220642715603,6
서울,서울>기타>군자,202601,2026년 1분기,36.5006726924753,6.83743606138107,5.87142857142857
서울,서울>기타>까치산역,202601,2026년 1분기,31.8311184287898,3.82995239671686,6
서울,서울>기타>노량진,202601,2026년 1분기,30.332496785679,1.73676974139365,7.43636363636364
서울,서울>기타>독산/시흥,202601,2026년 1분기,31.3563005030974,15.4131150089385,7
서울,서울>기타>뚝섬,202601,2026년 1분기,63.7755766032825,14.065203045643,6.47
서울,서울>기타>목동,202601,2026년 1분기,40.4395524025452,1.64825681739731,6.875
서울,서울>기타>미아사거리,202601,2026년 1분기,40.2593469820361,9.82264579651603,6
서울,서울>기타>불광역,202601,2026년 1분기,39.2970986538891,13.0629766415655,7.5
서울,서울>기타>사당,202601,2026년 1분기,47.8681384200459,3.39907067556688,7.82909090909091
서울,서울>기타>상계역,202601,2026년 1분기,24.8318531455539,0,6
서울,서울>기타>상봉역,202601,2026년 1분기,45.608566007048,0,6
서울,서울>기타>서울대입구역,202601,2026년 1분기,68.6632754548999,9.62769635726873,7
서울,서울>기타>성신여대,202601,2026년 1분기,58.2709918065422,0,7.5
서울,서울>기타>수유,202601,2026년 1분기,39.6478202491804,9.377836902716,5.7
서울,서울>기타>숙명여대,202601,2026년 1분기,44.8668031905282,8.0492254856366,7.5
서울,서울>기타>신림역,202601,2026년 1분기,67.7868908354876,4.98247919404293,6.22222222222222
서울,서울>기타>약수역,202601,2026년 1분기,74.8807877111241,7.98867880361342,7.07142857142857
서울,서울>기타>연신내,202601,2026년 1분기,44.6517064866315,7.45900052730294,7.5
서울,서울>기타>오류동역,202601,2026년 1분기,55.6137251181837,10.4974458539896,6.90909090909091
서울,서울>기타>왕십리,202601,2026년 1분기,43.8571036429944,0,6
서울,서울>기타>용산역,202601,2026년 1분기,39.9726208459214,14.3606191027975,7.5
서울,서울>기타>이태원,202601,2026년 1분기,69.0208333333333,3.85089245838018,7.5
서울,서울>기타>잠실/송파,202601,2026년 1분기,35.8409816014543,6.5731457912479,7.69444444444444
서울,서울>기타>잠실새내역,202601,2026년 1분기,34.2422551036787,17.3337035879991,7.3125
서울,서울>기타>장안동,202601,2026년 1분기,34.4795415167266,12.5968228200371,6
서울,서울>기타>천호,202601,2026년 1분기,57.2112416622879,5.00440398308333,7.84166666666667
서울,서울>기타>청량리,202601,2026년 1분기,40.6037598920998,2.06995123028877,6.01219512195122
서울,서울>기타>혜화동,202601,2026년 1분기,60.2607316347774,0.561011702300988,7.48125
서울,서울>기타>화곡,202601,2026년 1분기,30.1227927310132,8.05615726830177,7
서울,서울>도심,202601,2026년 1분기,73.570090876387,4.76114856978686,7.30884955752212
서울,서울>도심>광화문,202601,2026년 1분기,92.2407269411241,0.944655669105075,7.3
서울,서울>도심>남대문,202601,2026년 1분기,77.0189340836706,4.95343508528242,7
서울,서울>도심>동대문,202601,2026년 1분기,53.0979228443766,13.3751723801272,7.28048780487805
서울,서울>도심>명동,202601,2026년 1분기,147.578051459052,5.29435037828323,7.5
서울,서울>도심>방산시장,202601,2026년 1분기,71.2799175780631,5.0251510966385,7.14
서울,서울>도심>북촌,202601,2026년 1분기,99.4826302519586,0,7.5
서울,서울>도심>서촌,202601,2026년 1분기,44.6433935061424,4.03159661320648,7.5
서울,서울>도심>시청,202601,2026년 1분기,96.941096043306,8.07543737147909,7.27857142857143
서울,서울>도심>을지로,202601,2026년 1분기,68.7038378435269,2.5903100817027,7.025
서울,서울>도심>종로,202601,2026년 1분기,70.9887207063457,0,7.52105263157895
서울,서울>도심>충무로,202601,2026년 1분기,51.7281592755634,1.01701407087852,7
서울,서울>영등포신촌,202601,2026년 1분기,48.1482513092415,6.31019427696684,6.99178082191781
서울,서울>영등포신촌>공덕역,202601,2026년 1분기,59.7953464532599,10.4298548089185,7
서울,서울>영등포신촌>당산역,202601,2026년 1분기,41.0128744961431,0,6.6
서울,서울>영등포신촌>동교/연남,202601,2026년 1분기,56.4886551648177,0,7.08888888888889
서울,서울>영등포신촌>망원역,202601,2026년 1분기,41.2602315846764,0.967777182311531,7
서울,서울>영등포신촌>신촌/이대,202601,2026년 1분기,40.7305060232464,15.1025716710327,7
서울,서울>영등포신촌>영등포역,202601,2026년 1분기,38.2796225850928,0.815924955259832,6.78260869565217
서울,서울>영등포신촌>홍대/합정,202601,2026년 1분기,62.8967278826601,12.9976093840389,7.56
경기,경기,202602,2026년 2분기,23.9118452203859,7.57740122571863,6.94212732919255
경기,경기>고양시청,202602,2026년 2분기,20.6754768013046,4.88067138735904,6.5
경기,경기>광명철산,202602,2026년 2분기,37.7603621079858,3.62633761274419,7
경기,경기>광주시가지,202602,2026년 2분기,23.8979180559672,3.2345668610021,7.3
경기,경기>구리역,202602,2026년 2분기,35.0438065121406,0,7
경기,경기>기흥역,202602,2026년 2분기,29.8151339335787,7.1692452749325,6.6
경기,경기>김량장동,202602,2026년 2분기,21.6789796487315,5.77758640936313,6.5
경기,경기>동두천중앙로,202602,2026년 2분기,14.0531685069611,17.3728302984346,7.8
경기,경기>모란,202602,2026년 2분기,45.6640897973445,0,6.35
경기,경기>병점역,202602,2026년 2분기,24.7481340384248,0,6.5
경기,경기>부천역,202602,2026년 2분기,28.5043205161074,2.09028688450967,7.10952380952381
경기,경기>성남구시가지,202602,2026년 2분기,27.882524315915,11.3959566774945,6.59368421052632
경기,경기>수원역,202602,2026년 2분기,51.0025872396829,10.5808328139376,6.28823529411765
경기,경기>수원파장동,202602,2026년 2분기,19.8758680555556,0,6.6
경기,경기>신장/지산/서정,202602,2026년 2분기,16.6084230341889,3.91034868014648,6.98148148148148
경기,경기>신천역,202602,2026년 2분기,20.4236696344966,15.9212214621406,7
경기,경기>안성 서인사거리,202602,2026년 2분기,12.8393799764826,18.1547421517223,7
경기,경기>안양역,202602,2026년 2분기,32.4984284209385,7.75333199166434,7.16666666666667
경기,경기>양주덕정역,202602,2026년 2분기,22.3167034269078,14.7896913245061,7.65555555555556
경기,경기>여주시청,202602,2026년 2분기,17.4418088568892,23.541500305322,7.09375
경기,경기>오산시청,202602,2026년 2분기,19.2010170136407,0,6.5
경기,경기>용인수지,202602,2026년 2분기,25.2837184529662,0,6.97142857142857
경기,경기>의정부역,202602,2026년 2분기,34.4283250481891,11.9426168195765,7.34107142857143
경기,경기>이천종합터미널,202602,2026년 2분기,17.1364525206276,1.37026951907866,7.27142857142857
경기,경기>인계동,202602,2026년 2분기,25.6733965900859,0,6.5
경기,경기>인덕원,202602,2026년 2분기,31.6726806463326,9.71046947147302,7
경기,경기>탄현역,202602,2026년 2분기,20.1324683820323,0,6.5
경기,경기>파주시청,202602,2026년 2분기,23.4887570402855,4.89616173127783,6.75384615384615
경기,경기>팔달문로터리,202602,2026년 2분기,30.4191679459212,17.1125385219313,6.55161290322581
경기,경기>평택역,202602,2026년 2분기,20.0259484999594,15.8697826259467,6.75925925925926
경기,경기>포천소흘읍,202602,2026년 2분기,17.5795685848063,11.8820955534532,7.72
경기,경기>포천시외버스터미널,202602,2026년 2분기,13.6838351887271,14.5963040340942,7.9
경기,경기>하남원도심,202602,2026년 2분기,39.0206611883788,0,7
경기,경기>화성남양읍,202602,2026년 2분기,18.1612204748024,0,7
경기,경기>화성봉담읍,202602,2026년 2분기,24.6772907507974,1.3933854232208,7
서울,서울,202602,2026년 2분기,52.7777926305664,6.37793361121874,7.04243301178993
서울,서울>강남,202602,2026년 2분기,64.5621534749159,2.81750696541115,7.70323529411765
서울,서울>강남>강남대로,202602,2026년 2분기,85.534732547284,0,7.5
서울,서울>강남>교대역,202602,2026년 2분기,46.4427942689176,0.491807309895983,7.32714285714286
서울,서울>강남>남부터미널,202602,2026년 2분기,44.2912888725854,4.91596973317403,7.39166666666667
서울,서울>강남>논현역,202602,2026년 2분기,70.4043549313193,0,7.62857142857143
서울,서울>강남>도산대로,202602,2026년 2분기,55.8585273743949,0,7.99166666666667
서울,서울>강남>신사역,202602,2026년 2분기,74.6356958768544,14.8760431186127,7.4375
서울,서울>강남>압구정,202602,2026년 2분기,61.9333460778691,0,8
서울,서울>강남>청담,202602,2026년 2분기,68.871426023316,2.02790292899167,7.92555555555556
서울,서울>강남>테헤란로,202602,2026년 2분기,72.9687293653938,1.02678444048604,7.89285714285714
서울,서울>기타,202602,2026년 2분기,45.1012875361828,7.2258800090097,6.8413734939759
서울,서울>기타>가락시장,202602,2026년 2분기,31.6471944727194,4.91207863514106,7.86666666666667
서울,서울>기타>건대입구,202602,2026년 2분기,51.4511805340757,11.196552576399,5.89285714285714
서울,서울>기타>경희대,202602,2026년 2분기,50.3617934076558,4.27220642715603,6
서울,서울>기타>군자,202602,2026년 2분기,36.5859435696284,6.83743606138107,5.87142857142857
서울,서울>기타>까치산역,202602,2026년 2분기,31.842878983888,3.82995239671686,6
서울,서울>기타>노량진,202602,2026년 2분기,30.47194886757,1.73676974139365,7.43636363636364
서울,서울>기타>독산/시흥,202602,2026년 2분기,31.761798481132,15.4131150089385,7
서울,서울>기타>뚝섬,202602,2026년 2분기,64.9844552093124,8.04257106972134,6.47
서울,서울>기타>목동,202602,2026년 2분기,41.8500130272414,1.57689061754669,6.875
서울,서울>기타>미아사거리,202602,2026년 2분기,40.4912965674313,9.0332654790052,6
서울,서울>기타>불광역,202602,2026년 2분기,37.994304544935,7.12709570281399,7.5
서울,서울>기타>사당,202602,2026년 2분기,48.0686137987883,3.39907067556688,7.82909090909091
서울,서울>기타>상계역,202602,2026년 2분기,24.406551450652,0,6
서울,서울>기타>상봉역,202602,2026년 2분기,45.8570524984187,0,6
서울,서울>기타>서울대입구역,202602,2026년 2분기,68.8100527083689,10.4314915196264,7
서울,서울>기타>성신여대,202602,2026년 2분기,58.4438716707529,0,7.5
서울,서울>기타>수유,202602,2026년 2분기,39.618617415928,14.2486026023854,5.73333333333333
서울,서울>기타>숙명여대,202602,2026년 2분기,44.995869866373,8.0492254856366,7.5
서울,서울>기타>신림역,202602,2026년 2분기,67.8984792972407,2.69838662578479,6.22222222222222
서울,서울>기타>약수역,202602,2026년 2분기,75.0627912055911,7.98867880361342,7.07142857142857
서울,서울>기타>연신내,202602,2026년 2분기,44.8382714753793,2.96491099259773,7.5
서울,서울>기타>오류동역,202602,2026년 2분기,55.6979161725877,10.4974458539896,6.90909090909091
서울,서울>기타>왕십리,202602,2026년 2분기,43.9120034508451,0,6
서울,서울>기타>용산역,202602,2026년 2분기,40.3156470292044,12.0141532858798,7.5
서울,서울>기타>이태원,202602,2026년 2분기,69.1746794871795,3.85089245838018,7.5
서울,서울>기타>잠실/송파,202602,2026년 2분기,35.9855590327343,6.5731457912479,7.69444444444444
서울,서울>기타>잠실새내역,202602,2026년 2분기,34.3407535495922,19.0837354067595,7.3125
서울,서울>기타>장안동,202602,2026년 2분기,34.4706561819717,12.5968228200371,6
서울,서울>기타>천호,202602,2026년 2분기,57.5799243109454,5.00440398308333,7.84166666666667
서울,서울>기타>청량리,202602,2026년 2분기,40.6245276771117,7.02893044709474,6.01219512195122
서울,서울>기타>혜화동,202602,2026년 2분기,60.0327153762268,2.12870907400035,7.48125
서울,서울>기타>화곡,202602,2026년 2분기,30.1451511514944,9.24871311112664,7
서울,서울>도심,202602,2026년 2분기,74.1110910332414,4.63848862985268,7.30884955752212
서울,서울>도심>광화문,202602,2026년 2분기,92.4356985120233,0.944655669105075,7.3
서울,서울>도심>남대문,202602,2026년 2분기,77.4225475302675,6.05940679941667,7
서울,서울>도심>동대문,202602,2026년 2분기,52.829138270877,9.80797158931426,7.28048780487805
서울,서울>도심>명동,202602,2026년 2분기,152.190539692501,5.29435037828323,7.5
서울,서울>도심>방산시장,202602,2026년 2분기,71.1967031225234,9.87164704838894,7.14
서울,서울>도심>북촌,202602,2026년 2분기,100.904022200789,0,7.5
서울,서울>도심>서촌,202602,2026년 2분기,45.1239750097618,8.61966712513723,7.5
서울,서울>도심>시청,202602,2026년 2분기,97.1025368124816,8.07543737147909,7.27857142857143
서울,서울>도심>을지로,202602,2026년 2분기,68.7595574624047,2.5903100817027,7.025
서울,서울>도심>종로,202602,2026년 2분기,71.7515885554903,0,7.52105263157895
서울,서울>도심>충무로,202602,2026년 2분기,51.7367237057719,1.01701407087852,7
서울,서울>영등포신촌,202602,2026년 2분기,48.4744721232724,7.01951509549645,6.99178082191781
서울,서울>영등포신촌>공덕역,202602,2026년 2분기,59.8392792361021,4.5318602643061,7
서울,서울>영등포신촌>당산역,202602,2026년 2분기,41.8177748585682,0,6.6
서울,서울>영등포신촌>동교/연남,202602,2026년 2분기,56.5753642955235,0,7.08888888888889
서울,서울>영등포신촌>망원역,202602,2026년 2분기,41.3060959911451,0.967777182311531,7
서울,서울>영등포신촌>신촌/이대,202602,2026년 2분기,40.7950597033353,19.5356602590119,7
서울,서울>영등포신촌>영등포역,202602,2026년 2분기,38.5221515307563,3.07654031986746,6.78260869565217
서울,서울>영등포신촌>홍대/합정,202602,2026년 2분기,63.606092441711,14.908475883587,7.56
